case_id,logical_event_id,timestamp,timestamp_confidence,logical_event_type,action,process_id,process,parent_process_ids,evidence_ids,source_observation_count,provenance,temporal_sequence,previous_timestamp,time_since_previous_event_seconds,is_first_event,gap_log_seconds,event_hour,event_day_of_week,after_hours,events_prev_10s,events_next_10s,local_density_10s,events_prev_30s,events_next_30s,local_density_30s,events_prev_60s,events_next_60s,local_density_60s,previous_process_id,previous_process,process_changed,process_transition,parent_process_id,rapid_event,short_event_gap,medium_event_gap,long_event_gap
M57-Jean,LEVT-M57-Jean-PROCESS-812-20091121013230,2009-11-21 01:32:30+00:00,observed,process_start,process_start,812,smss.exe,4,M57-Jean-MEM-PSLIST-1;M57-Jean-MEM-PSTREE-1,2,Volatility 3 windows.pstree from M57-Jean memory image | Volatility 3 windows.pslist from M57-Jean memory image,1,,,1,,1,5,1,0,12,12,0,16,16,0,29,29,,,1,START -> smss.exe,4,0,0,0,0
M57-Jean,LEVT-M57-Jean-PROCESS-908-20091121013232,2009-11-21 01:32:32+00:00,observed,process_start,process_start,908,csrss.exe,812,M57-Jean-MEM-PSLIST-2;M57-Jean-MEM-PSTREE-28,2,Volatility 3 windows.pstree from M57-Jean memory image | Volatility 3 windows.pslist from M57-Jean memory image,2,2009-11-21 01:32:30+00:00,2.0,0,1.0986122886681098,1,5,1,1,13,14,1,18,19,1,28,29,812.0,smss.exe,1,smss.exe -> csrss.exe,812,1,1,1,0
M57-Jean,LEVT-M57-Jean-PROCESS-932-20091121013232,2009-11-21 01:32:32+00:00,observed,process_start,process_start,932,winlogon.exe,812,M57-Jean-MEM-PSLIST-3;M57-Jean-MEM-PSTREE-2,2,Volatility 3 windows.pstree from M57-Jean memory image | Volatility 3 windows.pslist from M57-Jean memory image,3,2009-11-21 01:32:32+00:00,0.0,0,0.0,1,5,1,2,12,14,2,17,19,2,27,29,908.0,csrss.exe,1,csrss.exe -> winlogon.exe,812,1,1,1,0
M57-Jean,LEVT-M57-Jean-PROCESS-976-20091121013232,2009-11-21 01:32:32+00:00,observed,process_start,process_start,976,services.exe,932,M57-Jean-MEM-PSLIST-4;M57-Jean-MEM-PSTREE-3,2,Volatility 3 windows.pstree from M57-Jean memory image | Volatility 3 windows.pslist from M57-Jean memory image,4,2009-11-21 01:32:32+00:00,0.0,0,0.0,1,5,1,3,11,14,3,16,19,3,26,29,932.0,winlogon.exe,1,winlogon.exe -> services.exe,932,1,1,1,0
M57-Jean,LEVT-M57-Jean-PROCESS-988-20091121013232,2009-11-21 01:32:32+00:00,observed,process_start,process_start,988,lsass.exe,932,M57-Jean-MEM-PSLIST-5;M57-Jean-MEM-PSTREE-24,2,Volatility 3 windows.pstree from M57-Jean memory image | Volatility 3 windows.pslist from M57-Jean memory image,5,2009-11-21 01:32:32+00:00,0.0,0,0.0,1,5,1,4,10,14,4,15,19,4,25,29,976.0,services.exe,1,services.exe -> lsass.exe,932,1,1,1,0
M57-Jean,LEVT-M57-Jean-PROCESS-1152-20091121013234,2009-11-21 01:32:34+00:00,observed,process_start,process_start,1152,svchost.exe,976,M57-Jean-MEM-PSLIST-6;M57-Jean-MEM-PSTREE-4,2,Volatility 3 windows.pstree from M57-Jean memory image | Volatility 3 windows.pslist from M57-Jean memory image,6,2009-11-21 01:32:32+00:00,2.0,0,1.0986122886681098,1,5,1,5,9,14,5,14,19,5,24,29,988.0,lsass.exe,1,lsass.exe -> svchost.exe,976,1,1,1,0
M57-Jean,LEVT-M57-Jean-PROCESS-1248-20091121013234,2009-11-21 01:32:34+00:00,observed,process_start,process_start,1248,svchost.exe,976,M57-Jean-MEM-PSLIST-7;M57-Jean-MEM-PSTREE-5,2,Volatility 3 windows.pstree from M57-Jean memory image | Volatility 3 windows.pslist from M57-Jean memory image,7,2009-11-21 01:32:34+00:00,0.0,0,0.0,1,5,1,6,8,14,6,13,19,6,23,29,1152.0,svchost.exe,0,svchost.exe -> svchost.exe,976,1,1,1,0
M57-Jean,LEVT-M57-Jean-PROCESS-1372-20091121013235,2009-11-21 01:32:35+00:00,observed,process_start,process_start,1372,svchost.exe,976,M57-Jean-MEM-PSLIST-8;M57-Jean-MEM-PSTREE-23,2,Volatility 3 windows.pstree from M57-Jean memory image | Volatility 3 windows.pslist from M57-Jean memory image,8,2009-11-21 01:32:34+00:00,1.0,0,0.6931471805599453,1,5,1,7,7,14,7,15,22,7,23,30,1248.0,svchost.exe,0,svchost.exe -> svchost.exe,976,1,1,1,0
M57-Jean,LEVT-M57-Jean-PROCESS-1432-20091121013235,2009-11-21 01:32:35+00:00,observed,process_start,process_start,1432,svchost.exe,976,M57-Jean-MEM-PSLIST-9;M57-Jean-MEM-PSTREE-22,2,Volatility 3 windows.pstree from M57-Jean memory image | Volatility 3 windows.pslist from M57-Jean memory image,9,2009-11-21 01:32:35+00:00,0.0,0,0.0,1,5,1,8,6,14,8,14,22,8,22,30,1372.0,svchost.exe,0,svchost.exe -> svchost.exe,976,1,1,1,0
M57-Jean,LEVT-M57-Jean-PROCESS-1612-20091121013235,2009-11-21 01:32:35+00:00,observed,process_start,process_start,1612,avgchsvx.exe,932,M57-Jean-MEM-PSLIST-10;M57-Jean-MEM-PSTREE-27,2,Volatility 3 windows.pstree from M57-Jean memory image | Volatility 3 windows.pslist from M57-Jean memory image,10,2009-11-21 01:32:35+00:00,0.0,0,0.0,1,5,1,9,5,14,9,13,22,9,21,30,1432.0,svchost.exe,1,svchost.exe -> avgchsvx.exe,932,1,1,1,0
M57-Jean,LEVT-M57-Jean-PROCESS-1620-20091121013235,2009-11-21 01:32:35+00:00,observed,process_start,process_start,1620,avgrsx.exe,932,M57-Jean-MEM-PSLIST-11;M57-Jean-MEM-PSTREE-25,2,Volatility 3 windows.pstree from M57-Jean memory image | Volatility 3 windows.pslist from M57-Jean memory image,11,2009-11-21 01:32:35+00:00,0.0,0,0.0,1,5,1,10,4,14,10,12,22,10,20,30,1612.0,avgchsvx.exe,1,avgchsvx.exe -> avgrsx.exe,932,1,1,1,0
M57-Jean,LEVT-M57-Jean-PROCESS-1732-20091121013237,2009-11-21 01:32:37+00:00,observed,process_start,process_start,1732,svchost.exe,976,M57-Jean-MEM-PSLIST-12;M57-Jean-MEM-PSTREE-14,2,Volatility 3 windows.pstree from M57-Jean memory image | Volatility 3 windows.pslist from M57-Jean memory image,12,2009-11-21 01:32:35+00:00,2.0,0,1.0986122886681098,1,5,1,11,3,14,11,13,24,11,19,30,1620.0,avgrsx.exe,1,avgrsx.exe -> svchost.exe,976,1,1,1,0
M57-Jean,LEVT-M57-Jean-PROCESS-1760-20091121013238,2009-11-21 01:32:38+00:00,observed,process_start,process_start,1760,avgcsrvx.exe,1620,M57-Jean-MEM-PSLIST-13;M57-Jean-MEM-PSTREE-26,2,Volatility 3 windows.pstree from M57-Jean memory image | Volatility 3 windows.pslist from M57-Jean memory image,13,2009-11-21 01:32:37+00:00,1.0,0,0.6931471805599453,1,5,1,12,2,14,12,13,25,12,18,30,1732.0,svchost.exe,1,svchost.exe -> avgcsrvx.exe,1620,1,1,1,0
M57-Jean,LEVT-M57-Jean-PROCESS-1996-20091121013242,2009-11-21 01:32:42+00:00,observed,process_start,process_start,1996,spoolsv.exe,976,M57-Jean-MEM-PSLIST-14;M57-Jean-MEM-PSTREE-18,2,Volatility 3 windows.pstree from M57-Jean memory image | Volatility 3 windows.pslist from M57-Jean memory image,14,2009-11-21 01:32:38+00:00,4.0,0,1.6094379124341003,1,5,1,12,1,13,13,13,26,13,17,30,1760.0,avgcsrvx.exe,1,avgcsrvx.exe -> spoolsv.exe,976,1,1,1,0
M57-Jean,LEVT-M57-Jean-PROCESS-2028-20091121013242,2009-11-21 01:32:42+00:00,observed,process_start,process_start,2028,AVGIDSAgent.exe,976,M57-Jean-MEM-PSLIST-15;M57-Jean-MEM-PSTREE-19,2,Volatility 3 windows.pstree from M57-Jean memory image | Volatility 3 windows.pslist from M57-Jean memory image,15,2009-11-21 01:32:42+00:00,0.0,0,0.0,1,5,1,13,0,13,14,12,26,14,16,30,1996.0,spoolsv.exe,1,spoolsv.exe -> AVGIDSAgent.exe,976,1,1,1,0
M57-Jean,LEVT-M57-Jean-PROCESS-1572-20091121013258,2009-11-21 01:32:58+00:00,observed,process_start,process_start,1572,svchost.exe,976,M57-Jean-MEM-PSLIST-16;M57-Jean-MEM-PSTREE-15,2,Volatility 3 windows.pstree from M57-Jean memory image | Volatility 3 windows.pslist from M57-Jean memory image,16,2009-11-21 01:32:42+00:00,16.0,0,2.833213344056216,1,5,1,0,10,10,15,14,29,15,15,30,2028.0,AVGIDSAgent.exe,1,AVGIDSAgent.exe -> svchost.exe,976,0,1,1,0
M57-Jean,LEVT-M57-Jean-PROCESS-1664-20091121013258,2009-11-21 01:32:58+00:00,observed,process_start,process_start,1664,avgwdsvc.exe,976,M57-Jean-MEM-PSLIST-17;M57-Jean-MEM-PSTREE-6,2,Volatility 3 windows.pstree from M57-Jean memory image | Volatility 3 windows.pslist from M57-Jean memory image,17,2009-11-21 01:32:58+00:00,0.0,0,0.0,1,5,1,1,9,10,16,13,29,16,14,30,1572.0,svchost.exe,1,svchost.exe -> avgwdsvc.exe,976,1,1,1,0
M57-Jean,LEVT-M57-Jean-PROCESS-344-20091121013301,2009-11-21 01:33:01+00:00,observed,process_start,process_start,344,jqs.exe,976,M57-Jean-MEM-PSLIST-19;M57-Jean-MEM-PSTREE-13,2,Volatility 3 windows.pstree from M57-Jean memory image | Volatility 3 windows.pslist from M57-Jean memory image,18,2009-11-21 01:32:58+00:00,3.0,0,1.3862943611198906,1,5,1,2,9,11,16,12,28,17,13,30,1664.0,avgwdsvc.exe,1,avgwdsvc.exe -> jqs.exe,976,1,1,1,0
M57-Jean,LEVT-M57-Jean-PROCESS-1796-20091121013301,2009-11-21 01:33:01+00:00,observed,process_start,process_start,1796,avgfws9.exe,976,M57-Jean-MEM-PSLIST-18;M57-Jean-MEM-PSTREE-16,2,Volatility 3 windows.pstree from M57-Jean memory image | Volatility 3 windows.pslist from M57-Jean memory image,19,2009-11-21 01:33:01+00:00,0.0,0,0.0,1,5,1,3,8,11,17,11,28,18,12,30,344.0,jqs.exe,1,jqs.exe -> avgfws9.exe,976,1,1,1,0
M57-Jean,LEVT-M57-Jean-PROCESS-1944-20091121013301,2009-11-21 01:33:01+00:00,observed,process_start,process_start,1944,explorer.exe,1972,M57-Jean-MEM-PSLIST-20;M57-Jean-MEM-PSTREE-29,2,Volatility 3 windows.pstree from M57-Jean memory image | Volatility 3 windows.pslist from M57-Jean memory image,20,2009-11-21 01:33:01+00:00,0.0,0,0.0,1,5,1,4,7,11,18,10,28,19,11,30,1796.0,avgfws9.exe,1,avgfws9.exe -> explorer.exe,1972,1,1,1,0
M57-Jean,LEVT-M57-Jean-PROCESS-1504-20091121013305,2009-11-21 01:33:05+00:00,observed,process_start,process_start,1504,hkcmd.exe,1944,M57-Jean-MEM-PSLIST-21;M57-Jean-MEM-PSTREE-30,2,Volatility 3 windows.pstree from M57-Jean memory image | Volatility 3 windows.pslist from M57-Jean memory image,21,2009-11-21 01:33:01+00:00,4.0,0,1.6094379124341003,1,5,1,5,8,13,13,10,23,20,10,30,1944.0,explorer.exe,1,explorer.exe -> hkcmd.exe,1944,1,1,1,0
M57-Jean,LEVT-M57-Jean-PROCESS-1508-20091121013305,2009-11-21 01:33:05+00:00,observed,process_start,process_start,1508,avgtray.exe,1944,M57-Jean-MEM-PSLIST-22;M57-Jean-MEM-PSTREE-34,2,Volatility 3 windows.pstree from M57-Jean memory image | Volatility 3 windows.pslist from M57-Jean memory image,22,2009-11-21 01:33:05+00:00,0.0,0,0.0,1,5,1,6,7,13,14,9,23,21,9,30,1504.0,hkcmd.exe,1,hkcmd.exe -> avgtray.exe,1944,1,1,1,0
M57-Jean,LEVT-M57-Jean-PROCESS-1528-20091121013305,2009-11-21 01:33:05+00:00,observed,process_start,process_start,1528,jusched.exe,1944,M57-Jean-MEM-PSLIST-23;M57-Jean-MEM-PSTREE-42,2,Volatility 3 windows.pstree from M57-Jean memory image | Volatility 3 windows.pslist from M57-Jean memory image,23,2009-11-21 01:33:05+00:00,0.0,0,0.0,1,5,1,7,6,13,15,8,23,22,8,30,1508.0,avgtray.exe,1,avgtray.exe -> jusched.exe,1944,1,1,1,0
M57-Jean,LEVT-M57-Jean-PROCESS-1676-20091121013306,2009-11-21 01:33:06+00:00,observed,process_start,process_start,1676,ctfmon.exe,1944,M57-Jean-MEM-PSLIST-24;M57-Jean-MEM-PSTREE-36,2,Volatility 3 windows.pstree from M57-Jean memory image | Volatility 3 windows.pslist from M57-Jean memory image,24,2009-11-21 01:33:05+00:00,1.0,0,0.6931471805599453,1,5,1,8,5,13,12,7,19,23,7,30,1528.0,jusched.exe,1,jusched.exe -> ctfmon.exe,1944,1,1,1,0
M57-Jean,LEVT-M57-Jean-PROCESS-1752-20091121013306,2009-11-21 01:33:06+00:00,observed,process_start,process_start,1752,msmsgs.exe,1944,M57-Jean-MEM-PSLIST-25;M57-Jean-MEM-PSTREE-40,2,Volatility 3 windows.pstree from M57-Jean memory image | Volatility 3 windows.pslist from M57-Jean memory image,25,2009-11-21 01:33:06+00:00,0.0,0,0.0,1,5,1,9,4,13,13,6,19,24,6,30,1676.0,ctfmon.exe,1,ctfmon.exe -> msmsgs.exe,1944,1,1,1,0
M57-Jean,LEVT-M57-Jean-PROCESS-1836-20091121013308,2009-11-21 01:33:08+00:00,observed,process_start,process_start,1836,AVGIDSMonitor.e,1508,M57-Jean-MEM-PSLIST-26;M57-Jean-MEM-PSTREE-35,2,Volatility 3 windows.pstree from M57-Jean memory image | Volatility 3 windows.pslist from M57-Jean memory image,26,2009-11-21 01:33:06+00:00,2.0,0,1.0986122886681098,1,5,1,10,4,14,13,5,18,25,5,30,1752.0,msmsgs.exe,1,msmsgs.exe -> AVGIDSMonitor.e,1508,1,1,1,0
M57-Jean,LEVT-M57-Jean-PROCESS-2132-20091121013311,2009-11-21 01:33:11+00:00,observed,process_start,process_start,2132,avgemc.exe,976,M57-Jean-MEM-PSLIST-27;M57-Jean-MEM-PSTREE-20,2,Volatility 3 windows.pstree from M57-Jean memory image | Volatility 3 windows.pslist from M57-Jean memory image,27,2009-11-21 01:33:08+00:00,3.0,0,1.3862943611198906,1,5,1,9,3,12,13,4,17,26,4,30,1836.0,AVGIDSMonitor.e,1,AVGIDSMonitor.e -> avgemc.exe,976,1,1,1,0
M57-Jean,LEVT-M57-Jean-PROCESS-2244-20091121013313,2009-11-21 01:33:13+00:00,observed,process_start,process_start,2244,avgam.exe,1664,M57-Jean-MEM-PSLIST-28;M57-Jean-MEM-PSTREE-8,2,Volatility 3 windows.pstree from M57-Jean memory image | Volatility 3 windows.pslist from M57-Jean memory image,28,2009-11-21 01:33:11+00:00,2.0,0,1.0986122886681098,1,5,1,7,2,9,12,3,15,27,3,30,2132.0,avgemc.exe,1,avgemc.exe -> avgam.exe,1664,1,1,1,0
M57-Jean,LEVT-M57-Jean-PROCESS-2296-20091121013314,2009-11-21 01:33:14+00:00,observed,process_start,process_start,2296,avgnsx.exe,1664,M57-Jean-MEM-PSLIST-29;M57-Jean-MEM-PSTREE-10,2,Volatility 3 windows.pstree from M57-Jean memory image | Volatility 3 windows.pslist from M57-Jean memory image,29,2009-11-21 01:33:13+00:00,1.0,0,0.6931471805599453,1,5,1,8,1,9,13,2,15,28,2,30,2244.0,avgam.exe,1,avgam.exe -> avgnsx.exe,1664,1,1,1,0
M57-Jean,LEVT-M57-Jean-PROCESS-2488-20091121013317,2009-11-21 01:33:17+00:00,observed,process_start,process_start,2488,avgcsrvx.exe,2132,M57-Jean-MEM-PSLIST-30;M57-Jean-MEM-PSTREE-21,2,Volatility 3 windows.pstree from M57-Jean memory image | Volatility 3 windows.pslist from M57-Jean memory image,30,2009-11-21 01:33:14+00:00,3.0,0,1.3862943611198906,1,5,1,4,0,4,14,1,15,29,1,30,2296.0,avgnsx.exe,1,avgnsx.exe -> avgcsrvx.exe,2132,1,1,1,0
M57-Jean,LEVT-M57-Jean-PROCESS-3996-20091121013335,2009-11-21 01:33:35+00:00,observed,process_start,process_start,3996,alg.exe,976,M57-Jean-MEM-PSLIST-31;M57-Jean-MEM-PSTREE-17,2,Volatility 3 windows.pstree from M57-Jean memory image | Volatility 3 windows.pslist from M57-Jean memory image,31,2009-11-21 01:33:17+00:00,18.0,0,2.9444389791664403,1,5,1,0,0,0,10,0,10,23,0,23,2488.0,avgcsrvx.exe,1,avgcsrvx.exe -> alg.exe,976,0,1,1,0
M57-Jean,LEVT-M57-Jean-PROCESS-1356-20091121013448,2009-11-21 01:34:48+00:00,observed,process_start,process_start,1356,avgcsrvx.exe,2296,M57-Jean-MEM-PSLIST-32;M57-Jean-MEM-PSTREE-11,2,Volatility 3 windows.pstree from M57-Jean memory image | Volatility 3 windows.pslist from M57-Jean memory image,32,2009-11-21 01:33:35+00:00,73.0,0,4.30406509320417,1,5,1,0,0,0,0,0,0,0,0,0,3996.0,alg.exe,1,alg.exe -> avgcsrvx.exe,2296,0,0,1,0
M57-Jean,LEVT-M57-Jean-PROCESS-1204-20091123165512,2009-11-23 16:55:12+00:00,observed,process_start,process_start,1204,iexplore.exe,3180,M57-Jean-MEM-PSLIST-33;M57-Jean-MEM-PSTREE-43,2,Volatility 3 windows.pstree from M57-Jean memory image | Volatility 3 windows.pslist from M57-Jean memory image,33,2009-11-21 01:34:48+00:00,228024.0,0,12.33721055104836,16,0,0,0,1,1,0,1,1,0,1,1,1356.0,avgcsrvx.exe,1,avgcsrvx.exe -> iexplore.exe,3180,0,0,0,1
M57-Jean,LEVT-M57-Jean-PROCESS-208-20091123165519,2009-11-23 16:55:19+00:00,observed,process_start,process_start,208,msimn.exe,1944,M57-Jean-MEM-PSLIST-34;M57-Jean-MEM-PSTREE-41,2,Volatility 3 windows.pstree from M57-Jean memory image | Volatility 3 windows.pslist from M57-Jean memory image,34,2009-11-23 16:55:12+00:00,7.0,0,2.0794415416798357,16,0,0,1,0,1,1,0,1,1,0,1,1204.0,iexplore.exe,1,iexplore.exe -> msimn.exe,1944,0,1,1,0
M57-Jean,LEVT-M57-Jean-PROCESS-2840-20091123170451,2009-11-23 17:04:51+00:00,observed,process_start,process_start,2840,iexplore.exe,3180,M57-Jean-MEM-PSLIST-36;M57-Jean-MEM-PSTREE-45,2,Volatility 3 windows.pstree from M57-Jean memory image | Volatility 3 windows.pslist from M57-Jean memory image,35,2009-11-23 16:55:19+00:00,572.0,0,6.35088571671474,17,0,0,0,1,1,0,1,1,0,1,1,208.0,msimn.exe,1,msimn.exe -> iexplore.exe,3180,0,0,0,1
M57-Jean,LEVT-M57-Jean-PROCESS-3992-20091123170451,2009-11-23 17:04:51+00:00,observed,process_start,process_start,3992,iexplore.exe,3180,M57-Jean-MEM-PSLIST-35;M57-Jean-MEM-PSTREE-44,2,Volatility 3 windows.pstree from M57-Jean memory image | Volatility 3 windows.pslist from M57-Jean memory image,36,2009-11-23 17:04:51+00:00,0.0,0,0.0,17,0,0,1,0,1,1,0,1,1,0,1,2840.0,iexplore.exe,0,iexplore.exe -> iexplore.exe,3180,1,1,1,0
M57-Jean,LEVT-M57-Jean-PROCESS-4028-20091123171439,2009-11-23 17:14:39+00:00,observed,process_start,process_start,4028,iexplore.exe,3180,M57-Jean-MEM-PSLIST-37;M57-Jean-MEM-PSTREE-46,2,Volatility 3 windows.pstree from M57-Jean memory image | Volatility 3 windows.pslist from M57-Jean memory image,37,2009-11-23 17:04:51+00:00,588.0,0,6.3784261836515865,17,0,0,0,0,0,0,0,0,0,0,0,3992.0,iexplore.exe,0,iexplore.exe -> iexplore.exe,3180,0,0,0,1
M57-Jean,LEVT-M57-Jean-PROCESS-3196-20091123182209,2009-11-23 18:22:09+00:00,observed,process_start,process_start,3196,avgsrmax.exe,1664,M57-Jean-MEM-PSLIST-38;M57-Jean-MEM-PSTREE-12,2,Volatility 3 windows.pstree from M57-Jean memory image | Volatility 3 windows.pslist from M57-Jean memory image,38,2009-11-23 17:14:39+00:00,4050.0,0,8.30671904320269,18,0,0,0,0,0,0,0,0,0,0,0,4028.0,iexplore.exe,1,iexplore.exe -> avgsrmax.exe,1664,0,0,0,1
M57-Jean,LEVT-M57-Jean-PROCESS-2892-20091123220335,2009-11-23 22:03:35+00:00,observed,process_start,process_start,2892,firefox.exe,1944,M57-Jean-MEM-PSLIST-39;M57-Jean-MEM-PSTREE-37,2,Volatility 3 windows.pstree from M57-Jean memory image | Volatility 3 windows.pslist from M57-Jean memory image,39,2009-11-23 18:22:09+00:00,13286.0,0,9.494541392591309,22,0,1,0,0,0,0,0,0,0,0,0,3196.0,avgsrmax.exe,1,avgsrmax.exe -> firefox.exe,1944,0,0,0,1
M57-Jean,LEVT-M57-Jean-PROCESS-2576-20091123220845,2009-11-23 22:08:45+00:00,observed,process_start,process_start,2576,iexplore.exe,176,M57-Jean-MEM-PSLIST-40;M57-Jean-MEM-PSTREE-47,2,Volatility 3 windows.pstree from M57-Jean memory image | Volatility 3 windows.pslist from M57-Jean memory image,40,2009-11-23 22:03:35+00:00,310.0,0,5.739792912179234,22,0,1,0,0,0,0,0,0,0,0,0,2892.0,firefox.exe,1,firefox.exe -> iexplore.exe,176,0,0,0,1
M57-Jean,LEVT-M57-Jean-PROCESS-2080-20091123221633,2009-11-23 22:16:33+00:00,observed,process_start,process_start,2080,swriter.exe,1944,M57-Jean-MEM-PSLIST-41;M57-Jean-MEM-PSTREE-31,2,Volatility 3 windows.pstree from M57-Jean memory image | Volatility 3 windows.pslist from M57-Jean memory image,41,2009-11-23 22:08:45+00:00,468.0,0,6.150602768446279,22,0,1,0,2,2,0,2,2,0,2,2,2576.0,iexplore.exe,1,iexplore.exe -> swriter.exe,1944,0,0,0,1
M57-Jean,LEVT-M57-Jean-PROCESS-3908-20091123221634,2009-11-23 22:16:34+00:00,observed,process_start,process_start,3908,soffice.exe,2080,M57-Jean-MEM-PSLIST-42;M57-Jean-MEM-PSTREE-32,2,Volatility 3 windows.pstree from M57-Jean memory image | Volatility 3 windows.pslist from M57-Jean memory image,42,2009-11-23 22:16:33+00:00,1.0,0,0.6931471805599453,22,0,1,1,1,2,1,1,2,1,1,2,2080.0,swriter.exe,1,swriter.exe -> soffice.exe,2080,1,1,1,0
M57-Jean,LEVT-M57-Jean-PROCESS-3560-20091123221635,2009-11-23 22:16:35+00:00,observed,process_start,process_start,3560,soffice.bin,3908,M57-Jean-MEM-PSLIST-43;M57-Jean-MEM-PSTREE-33,2,Volatility 3 windows.pstree from M57-Jean memory image | Volatility 3 windows.pslist from M57-Jean memory image,43,2009-11-23 22:16:34+00:00,1.0,0,0.6931471805599453,22,0,1,2,0,2,2,0,2,2,0,2,3908.0,soffice.exe,1,soffice.exe -> soffice.bin,3908,1,1,1,0
M57-Jean,LEVT-M57-Jean-PROCESS-2308-20091123225441,2009-11-23 22:54:41+00:00,observed,process_start,process_start,2308,avgcmgr.exe,1664,M57-Jean-MEM-PSLIST-44;M57-Jean-MEM-PSTREE-7,2,Volatility 3 windows.pstree from M57-Jean memory image | Volatility 3 windows.pslist from M57-Jean memory image,44,2009-11-23 22:16:35+00:00,2286.0,0,7.734996194022781,22,0,1,0,0,0,0,0,0,0,0,0,3560.0,soffice.bin,1,soffice.bin -> avgcmgr.exe,1664,0,0,0,1
M57-Jean,LEVT-M57-Jean-PROCESS-2004-20091123235245,2009-11-23 23:52:45+00:00,observed,process_start,process_start,2004,avgcmgr.exe,1664,M57-Jean-MEM-PSLIST-45;M57-Jean-MEM-PSTREE-9,2,Volatility 3 windows.pstree from M57-Jean memory image | Volatility 3 windows.pslist from M57-Jean memory image,45,2009-11-23 22:54:41+00:00,3484.0,0,8.156223323194624,23,0,1,0,0,0,0,0,0,0,0,0,2308.0,avgcmgr.exe,0,avgcmgr.exe -> avgcmgr.exe,1664,0,0,0,1
M57-Jean,LEVT-M57-Jean-PROCESS-620-20091123235925,2009-11-23 23:59:25+00:00,observed,process_start,process_start,620,cmd.exe,1944,M57-Jean-MEM-PSLIST-46;M57-Jean-MEM-PSTREE-38,2,Volatility 3 windows.pstree from M57-Jean memory image | Volatility 3 windows.pslist from M57-Jean memory image,46,2009-11-23 23:52:45+00:00,400.0,0,5.993961427306569,23,0,1,0,0,0,0,0,0,0,0,0,2004.0,avgcmgr.exe,1,avgcmgr.exe -> cmd.exe,1944,0,0,0,1
M57-Jean,LEVT-M57-Jean-PROCESS-2992-20091124000124,2009-11-24 00:01:24+00:00,observed,process_start,process_start,2992,mdd_1.3.exe,620,M57-Jean-MEM-PSLIST-47;M57-Jean-MEM-PSTREE-39,2,Volatility 3 windows.pstree from M57-Jean memory image | Volatility 3 windows.pslist from M57-Jean memory image,47,2009-11-23 23:59:25+00:00,119.0,0,4.787491742782046,0,1,1,0,0,0,0,0,0,0,0,0,620.0,cmd.exe,1,cmd.exe -> mdd_1.3.exe,620,0,0,1,0
