logical_event_id,process_id,timestamp,controlled_graph_only_score,controlled_graph_only_rank,controlled_graph_only_predicted_anomaly,controlled_graph_aware_score,controlled_graph_aware_rank,controlled_graph_aware_predicted_anomaly,graph_only_training_cohort_events,graph_aware_training_cohort_events,graph_only_feature_columns,graph_aware_feature_columns
LEVT-M57-Jean-PROCESS-1152-20091121013234,1152,2009-11-21T01:32:34Z,-0.17926312962845475,43,False,-0.17397528425514525,46,False,46,46,parent_count;child_count;graph_degree;in_degree;out_degree;command_line_count;module_count;memory_region_count;relationship_type_count,gap_log_seconds;local_density_10s;local_density_30s;local_density_60s;process_changed;parent_count;child_count;graph_degree;in_degree;out_degree;command_line_count;module_count;memory_region_count;relationship_type_count
LEVT-M57-Jean-PROCESS-1204-20091123165512,1204,2009-11-23T16:55:12Z,-0.1445054346080965,22,False,-0.049834032387950034,10,False,46,46,parent_count;child_count;graph_degree;in_degree;out_degree;command_line_count;module_count;memory_region_count;relationship_type_count,gap_log_seconds;local_density_10s;local_density_30s;local_density_60s;process_changed;parent_count;child_count;graph_degree;in_degree;out_degree;command_line_count;module_count;memory_region_count;relationship_type_count
LEVT-M57-Jean-PROCESS-1248-20091121013234,1248,2009-11-21T01:32:34Z,-0.18836316223101884,46,False,-0.09291185736571095,22,False,46,46,parent_count;child_count;graph_degree;in_degree;out_degree;command_line_count;module_count;memory_region_count;relationship_type_count,gap_log_seconds;local_density_10s;local_density_30s;local_density_60s;process_changed;parent_count;child_count;graph_degree;in_degree;out_degree;command_line_count;module_count;memory_region_count;relationship_type_count
LEVT-M57-Jean-PROCESS-1356-20091121013448,1356,2009-11-21T01:34:48Z,-0.10395762818862048,15,False,-0.1071697832249277,26,False,46,46,parent_count;child_count;graph_degree;in_degree;out_degree;command_line_count;module_count;memory_region_count;relationship_type_count,gap_log_seconds;local_density_10s;local_density_30s;local_density_60s;process_changed;parent_count;child_count;graph_degree;in_degree;out_degree;command_line_count;module_count;memory_region_count;relationship_type_count
LEVT-M57-Jean-PROCESS-1372-20091121013235,1372,2009-11-21T01:32:35Z,0.03725318507348152,3,True,0.04766060551250206,3,True,46,46,parent_count;child_count;graph_degree;in_degree;out_degree;command_line_count;module_count;memory_region_count;relationship_type_count,gap_log_seconds;local_density_10s;local_density_30s;local_density_60s;process_changed;parent_count;child_count;graph_degree;in_degree;out_degree;command_line_count;module_count;memory_region_count;relationship_type_count
LEVT-M57-Jean-PROCESS-1432-20091121013235,1432,2009-11-21T01:32:35Z,-0.1850616475726582,44,False,-0.08690306485773674,19,False,46,46,parent_count;child_count;graph_degree;in_degree;out_degree;command_line_count;module_count;memory_region_count;relationship_type_count,gap_log_seconds;local_density_10s;local_density_30s;local_density_60s;process_changed;parent_count;child_count;graph_degree;in_degree;out_degree;command_line_count;module_count;memory_region_count;relationship_type_count
LEVT-M57-Jean-PROCESS-1504-20091121013305,1504,2009-11-21T01:33:05Z,-0.09451811369768959,11,False,-0.11429150674884053,29,False,46,46,parent_count;child_count;graph_degree;in_degree;out_degree;command_line_count;module_count;memory_region_count;relationship_type_count,gap_log_seconds;local_density_10s;local_density_30s;local_density_60s;process_changed;parent_count;child_count;graph_degree;in_degree;out_degree;command_line_count;module_count;memory_region_count;relationship_type_count
LEVT-M57-Jean-PROCESS-1508-20091121013305,1508,2009-11-21T01:33:05Z,-0.15217019732787118,35,False,-0.15600974880879842,43,False,46,46,parent_count;child_count;graph_degree;in_degree;out_degree;command_line_count;module_count;memory_region_count;relationship_type_count,gap_log_seconds;local_density_10s;local_density_30s;local_density_60s;process_changed;parent_count;child_count;graph_degree;in_degree;out_degree;command_line_count;module_count;memory_region_count;relationship_type_count
LEVT-M57-Jean-PROCESS-1528-20091121013305,1528,2009-11-21T01:33:05Z,-0.09451811369768959,12,False,-0.11660305645733182,30,False,46,46,parent_count;child_count;graph_degree;in_degree;out_degree;command_line_count;module_count;memory_region_count;relationship_type_count,gap_log_seconds;local_density_10s;local_density_30s;local_density_60s;process_changed;parent_count;child_count;graph_degree;in_degree;out_degree;command_line_count;module_count;memory_region_count;relationship_type_count
LEVT-M57-Jean-PROCESS-1572-20091121013258,1572,2009-11-21T01:32:58Z,-0.008541600165659635,6,False,-0.06639228064763791,15,False,46,46,parent_count;child_count;graph_degree;in_degree;out_degree;command_line_count;module_count;memory_region_count;relationship_type_count,gap_log_seconds;local_density_10s;local_density_30s;local_density_60s;process_changed;parent_count;child_count;graph_degree;in_degree;out_degree;command_line_count;module_count;memory_region_count;relationship_type_count
LEVT-M57-Jean-PROCESS-1612-20091121013235,1612,2009-11-21T01:32:35Z,-0.1445054346080965,23,False,-0.060474245468183474,14,False,46,46,parent_count;child_count;graph_degree;in_degree;out_degree;command_line_count;module_count;memory_region_count;relationship_type_count,gap_log_seconds;local_density_10s;local_density_30s;local_density_60s;process_changed;parent_count;child_count;graph_degree;in_degree;out_degree;command_line_count;module_count;memory_region_count;relationship_type_count
LEVT-M57-Jean-PROCESS-1620-20091121013235,1620,2009-11-21T01:32:35Z,-0.1242587302300559,20,False,-0.10734085496544221,27,False,46,46,parent_count;child_count;graph_degree;in_degree;out_degree;command_line_count;module_count;memory_region_count;relationship_type_count,gap_log_seconds;local_density_10s;local_density_30s;local_density_60s;process_changed;parent_count;child_count;graph_degree;in_degree;out_degree;command_line_count;module_count;memory_region_count;relationship_type_count
LEVT-M57-Jean-PROCESS-1664-20091121013258,1664,2009-11-21T01:32:58Z,-0.10169902307223772,14,False,-0.1254072081912559,34,False,46,46,parent_count;child_count;graph_degree;in_degree;out_degree;command_line_count;module_count;memory_region_count;relationship_type_count,gap_log_seconds;local_density_10s;local_density_30s;local_density_60s;process_changed;parent_count;child_count;graph_degree;in_degree;out_degree;command_line_count;module_count;memory_region_count;relationship_type_count
LEVT-M57-Jean-PROCESS-1676-20091121013306,1676,2009-11-21T01:33:06Z,-0.09451811369768959,13,False,-0.12103677911479821,32,False,46,46,parent_count;child_count;graph_degree;in_degree;out_degree;command_line_count;module_count;memory_region_count;relationship_type_count,gap_log_seconds;local_density_10s;local_density_30s;local_density_60s;process_changed;parent_count;child_count;graph_degree;in_degree;out_degree;command_line_count;module_count;memory_region_count;relationship_type_count
LEVT-M57-Jean-PROCESS-1732-20091121013237,1732,2009-11-21T01:32:37Z,-0.1877759898777847,45,False,-0.14707760854089924,42,False,46,46,parent_count;child_count;graph_degree;in_degree;out_degree;command_line_count;module_count;memory_region_count;relationship_type_count,gap_log_seconds;local_density_10s;local_density_30s;local_density_60s;process_changed;parent_count;child_count;graph_degree;in_degree;out_degree;command_line_count;module_count;memory_region_count;relationship_type_count
LEVT-M57-Jean-PROCESS-1752-20091121013306,1752,2009-11-21T01:33:06Z,-0.17133820235753655,41,False,-0.1682826052380857,45,False,46,46,parent_count;child_count;graph_degree;in_degree;out_degree;command_line_count;module_count;memory_region_count;relationship_type_count,gap_log_seconds;local_density_10s;local_density_30s;local_density_60s;process_changed;parent_count;child_count;graph_degree;in_degree;out_degree;command_line_count;module_count;memory_region_count;relationship_type_count
LEVT-M57-Jean-PROCESS-1760-20091121013238,1760,2009-11-21T01:32:38Z,-0.10395762818862048,16,False,-0.13452817448299748,38,False,46,46,parent_count;child_count;graph_degree;in_degree;out_degree;command_line_count;module_count;memory_region_count;relationship_type_count,gap_log_seconds;local_density_10s;local_density_30s;local_density_60s;process_changed;parent_count;child_count;graph_degree;in_degree;out_degree;command_line_count;module_count;memory_region_count;relationship_type_count
LEVT-M57-Jean-PROCESS-1796-20091121013301,1796,2009-11-21T01:33:01Z,-0.043082572618710846,8,False,-0.08822564375685599,21,False,46,46,parent_count;child_count;graph_degree;in_degree;out_degree;command_line_count;module_count;memory_region_count;relationship_type_count,gap_log_seconds;local_density_10s;local_density_30s;local_density_60s;process_changed;parent_count;child_count;graph_degree;in_degree;out_degree;command_line_count;module_count;memory_region_count;relationship_type_count
LEVT-M57-Jean-PROCESS-1836-20091121013308,1836,2009-11-21T01:33:08Z,0.008541600165659635,5,True,-0.05983325331975353,13,False,46,46,parent_count;child_count;graph_degree;in_degree;out_degree;command_line_count;module_count;memory_region_count;relationship_type_count,gap_log_seconds;local_density_10s;local_density_30s;local_density_60s;process_changed;parent_count;child_count;graph_degree;in_degree;out_degree;command_line_count;module_count;memory_region_count;relationship_type_count
LEVT-M57-Jean-PROCESS-1944-20091121013301,1944,2009-11-21T01:33:01Z,0.03889556828715113,2,True,0.008887366600228264,5,True,46,46,parent_count;child_count;graph_degree;in_degree;out_degree;command_line_count;module_count;memory_region_count;relationship_type_count,gap_log_seconds;local_density_10s;local_density_30s;local_density_60s;process_changed;parent_count;child_count;graph_degree;in_degree;out_degree;command_line_count;module_count;memory_region_count;relationship_type_count
LEVT-M57-Jean-PROCESS-1996-20091121013242,1996,2009-11-21T01:32:42Z,-0.17759115555128668,42,False,-0.16545166960530128,44,False,46,46,parent_count;child_count;graph_degree;in_degree;out_degree;command_line_count;module_count;memory_region_count;relationship_type_count,gap_log_seconds;local_density_10s;local_density_30s;local_density_60s;process_changed;parent_count;child_count;graph_degree;in_degree;out_degree;command_line_count;module_count;memory_region_count;relationship_type_count
LEVT-M57-Jean-PROCESS-2004-20091123235245,2004,2009-11-23T23:52:45Z,-0.1445054346080965,24,False,-0.0351791923350846,7,False,46,46,parent_count;child_count;graph_degree;in_degree;out_degree;command_line_count;module_count;memory_region_count;relationship_type_count,gap_log_seconds;local_density_10s;local_density_30s;local_density_60s;process_changed;parent_count;child_count;graph_degree;in_degree;out_degree;command_line_count;module_count;memory_region_count;relationship_type_count
LEVT-M57-Jean-PROCESS-2028-20091121013242,2028,2009-11-21T01:32:42Z,-0.1204617692317338,19,False,-0.13118312079598288,36,False,46,46,parent_count;child_count;graph_degree;in_degree;out_degree;command_line_count;module_count;memory_region_count;relationship_type_count,gap_log_seconds;local_density_10s;local_density_30s;local_density_60s;process_changed;parent_count;child_count;graph_degree;in_degree;out_degree;command_line_count;module_count;memory_region_count;relationship_type_count
LEVT-M57-Jean-PROCESS-208-20091123165519,208,2009-11-23T16:55:19Z,-0.12005322614998726,18,False,-0.008887366600228264,6,False,46,46,parent_count;child_count;graph_degree;in_degree;out_degree;command_line_count;module_count;memory_region_count;relationship_type_count,gap_log_seconds;local_density_10s;local_density_30s;local_density_60s;process_changed;parent_count;child_count;graph_degree;in_degree;out_degree;command_line_count;module_count;memory_region_count;relationship_type_count
LEVT-M57-Jean-PROCESS-2080-20091123221633,2080,2009-11-23T22:16:33Z,-0.14910372944653544,34,False,-0.0790670822309284,17,False,46,46,parent_count;child_count;graph_degree;in_degree;out_degree;command_line_count;module_count;memory_region_count;relationship_type_count,gap_log_seconds;local_density_10s;local_density_30s;local_density_60s;process_changed;parent_count;child_count;graph_degree;in_degree;out_degree;command_line_count;module_count;memory_region_count;relationship_type_count
LEVT-M57-Jean-PROCESS-2132-20091121013311,2132,2009-11-21T01:33:11Z,-0.09104775090348527,10,False,-0.1192480292589374,31,False,46,46,parent_count;child_count;graph_degree;in_degree;out_degree;command_line_count;module_count;memory_region_count;relationship_type_count,gap_log_seconds;local_density_10s;local_density_30s;local_density_60s;process_changed;parent_count;child_count;graph_degree;in_degree;out_degree;command_line_count;module_count;memory_region_count;relationship_type_count
LEVT-M57-Jean-PROCESS-2244-20091121013313,2244,2009-11-21T01:33:13Z,-0.15952998562276793,39,False,-0.14692893719195083,41,False,46,46,parent_count;child_count;graph_degree;in_degree;out_degree;command_line_count;module_count;memory_region_count;relationship_type_count,gap_log_seconds;local_density_10s;local_density_30s;local_density_60s;process_changed;parent_count;child_count;graph_degree;in_degree;out_degree;command_line_count;module_count;memory_region_count;relationship_type_count
LEVT-M57-Jean-PROCESS-2296-20091121013314,2296,2009-11-21T01:33:14Z,-0.14495573340604923,32,False,-0.13219050092604834,37,False,46,46,parent_count;child_count;graph_degree;in_degree;out_degree;command_line_count;module_count;memory_region_count;relationship_type_count,gap_log_seconds;local_density_10s;local_density_30s;local_density_60s;process_changed;parent_count;child_count;graph_degree;in_degree;out_degree;command_line_count;module_count;memory_region_count;relationship_type_count
LEVT-M57-Jean-PROCESS-2308-20091123225441,2308,2009-11-23T22:54:41Z,-0.1445054346080965,25,False,-0.10750059310132354,28,False,46,46,parent_count;child_count;graph_degree;in_degree;out_degree;command_line_count;module_count;memory_region_count;relationship_type_count,gap_log_seconds;local_density_10s;local_density_30s;local_density_60s;process_changed;parent_count;child_count;graph_degree;in_degree;out_degree;command_line_count;module_count;memory_region_count;relationship_type_count
LEVT-M57-Jean-PROCESS-2488-20091121013317,2488,2009-11-21T01:33:17Z,-0.1445054346080965,26,False,-0.09554740521210597,23,False,46,46,parent_count;child_count;graph_degree;in_degree;out_degree;command_line_count;module_count;memory_region_count;relationship_type_count,gap_log_seconds;local_density_10s;local_density_30s;local_density_60s;process_changed;parent_count;child_count;graph_degree;in_degree;out_degree;command_line_count;module_count;memory_region_count;relationship_type_count
LEVT-M57-Jean-PROCESS-2576-20091123220845,2576,2009-11-23T22:08:45Z,-0.1445054346080965,27,False,-0.10415924340510668,25,False,46,46,parent_count;child_count;graph_degree;in_degree;out_degree;command_line_count;module_count;memory_region_count;relationship_type_count,gap_log_seconds;local_density_10s;local_density_30s;local_density_60s;process_changed;parent_count;child_count;graph_degree;in_degree;out_degree;command_line_count;module_count;memory_region_count;relationship_type_count
LEVT-M57-Jean-PROCESS-2840-20091123170451,2840,2009-11-23T17:04:51Z,-0.1445054346080965,28,False,-0.03648235278684142,8,False,46,46,parent_count;child_count;graph_degree;in_degree;out_degree;command_line_count;module_count;memory_region_count;relationship_type_count,gap_log_seconds;local_density_10s;local_density_30s;local_density_60s;process_changed;parent_count;child_count;graph_degree;in_degree;out_degree;command_line_count;module_count;memory_region_count;relationship_type_count
LEVT-M57-Jean-PROCESS-2892-20091123220335,2892,2009-11-23T22:03:35Z,0.022733141198667095,4,True,0.0632949413587357,2,True,46,46,parent_count;child_count;graph_degree;in_degree;out_degree;command_line_count;module_count;memory_region_count;relationship_type_count,gap_log_seconds;local_density_10s;local_density_30s;local_density_60s;process_changed;parent_count;child_count;graph_degree;in_degree;out_degree;command_line_count;module_count;memory_region_count;relationship_type_count
LEVT-M57-Jean-PROCESS-2992-20091124000124,2992,2009-11-24T00:01:24Z,-0.1540371543304747,37,False,-0.08775000518582993,20,False,46,46,parent_count;child_count;graph_degree;in_degree;out_degree;command_line_count;module_count;memory_region_count;relationship_type_count,gap_log_seconds;local_density_10s;local_density_30s;local_density_60s;process_changed;parent_count;child_count;graph_degree;in_degree;out_degree;command_line_count;module_count;memory_region_count;relationship_type_count
LEVT-M57-Jean-PROCESS-3196-20091123182209,3196,2009-11-23T18:22:09Z,-0.1445054346080965,29,False,-0.09833188785482744,24,False,46,46,parent_count;child_count;graph_degree;in_degree;out_degree;command_line_count;module_count;memory_region_count;relationship_type_count,gap_log_seconds;local_density_10s;local_density_30s;local_density_60s;process_changed;parent_count;child_count;graph_degree;in_degree;out_degree;command_line_count;module_count;memory_region_count;relationship_type_count
LEVT-M57-Jean-PROCESS-344-20091121013301,344,2009-11-21T01:33:01Z,-0.16302383769010564,40,False,-0.14676127479107176,40,False,46,46,parent_count;child_count;graph_degree;in_degree;out_degree;command_line_count;module_count;memory_region_count;relationship_type_count,gap_log_seconds;local_density_10s;local_density_30s;local_density_60s;process_changed;parent_count;child_count;graph_degree;in_degree;out_degree;command_line_count;module_count;memory_region_count;relationship_type_count
LEVT-M57-Jean-PROCESS-3560-20091123221635,3560,2009-11-23T22:16:35Z,0.09933120164826303,1,True,0.07069118924556927,1,True,46,46,parent_count;child_count;graph_degree;in_degree;out_degree;command_line_count;module_count;memory_region_count;relationship_type_count,gap_log_seconds;local_density_10s;local_density_30s;local_density_60s;process_changed;parent_count;child_count;graph_degree;in_degree;out_degree;command_line_count;module_count;memory_region_count;relationship_type_count
LEVT-M57-Jean-PROCESS-3908-20091123221634,3908,2009-11-23T22:16:34Z,-0.15254847337470262,36,False,-0.07697383216358045,16,False,46,46,parent_count;child_count;graph_degree;in_degree;out_degree;command_line_count;module_count;memory_region_count;relationship_type_count,gap_log_seconds;local_density_10s;local_density_30s;local_density_60s;process_changed;parent_count;child_count;graph_degree;in_degree;out_degree;command_line_count;module_count;memory_region_count;relationship_type_count
LEVT-M57-Jean-PROCESS-3992-20091123170451,3992,2009-11-23T17:04:51Z,-0.1445054346080965,30,False,0.020322827277551525,4,True,46,46,parent_count;child_count;graph_degree;in_degree;out_degree;command_line_count;module_count;memory_region_count;relationship_type_count,gap_log_seconds;local_density_10s;local_density_30s;local_density_60s;process_changed;parent_count;child_count;graph_degree;in_degree;out_degree;command_line_count;module_count;memory_region_count;relationship_type_count
LEVT-M57-Jean-PROCESS-3996-20091121013335,3996,2009-11-21T01:33:35Z,-0.11989490554052806,17,False,-0.13109353388306627,35,False,46,46,parent_count;child_count;graph_degree;in_degree;out_degree;command_line_count;module_count;memory_region_count;relationship_type_count,gap_log_seconds;local_density_10s;local_density_30s;local_density_60s;process_changed;parent_count;child_count;graph_degree;in_degree;out_degree;command_line_count;module_count;memory_region_count;relationship_type_count
LEVT-M57-Jean-PROCESS-4028-20091123171439,4028,2009-11-23T17:14:39Z,-0.1445054346080965,31,False,-0.039181789244445486,9,False,46,46,parent_count;child_count;graph_degree;in_degree;out_degree;command_line_count;module_count;memory_region_count;relationship_type_count,gap_log_seconds;local_density_10s;local_density_30s;local_density_60s;process_changed;parent_count;child_count;graph_degree;in_degree;out_degree;command_line_count;module_count;memory_region_count;relationship_type_count
LEVT-M57-Jean-PROCESS-620-20091123235925,620,2009-11-23T23:59:25Z,-0.1466845123128257,33,False,-0.05144133187644084,12,False,46,46,parent_count;child_count;graph_degree;in_degree;out_degree;command_line_count;module_count;memory_region_count;relationship_type_count,gap_log_seconds;local_density_10s;local_density_30s;local_density_60s;process_changed;parent_count;child_count;graph_degree;in_degree;out_degree;command_line_count;module_count;memory_region_count;relationship_type_count
LEVT-M57-Jean-PROCESS-908-20091121013232,908,2009-11-21T01:32:32Z,-0.13210806734583047,21,False,-0.12349817190243134,33,False,46,46,parent_count;child_count;graph_degree;in_degree;out_degree;command_line_count;module_count;memory_region_count;relationship_type_count,gap_log_seconds;local_density_10s;local_density_30s;local_density_60s;process_changed;parent_count;child_count;graph_degree;in_degree;out_degree;command_line_count;module_count;memory_region_count;relationship_type_count
LEVT-M57-Jean-PROCESS-932-20091121013232,932,2009-11-21T01:32:32Z,-0.0776073146787194,9,False,-0.08594931057074312,18,False,46,46,parent_count;child_count;graph_degree;in_degree;out_degree;command_line_count;module_count;memory_region_count;relationship_type_count,gap_log_seconds;local_density_10s;local_density_30s;local_density_60s;process_changed;parent_count;child_count;graph_degree;in_degree;out_degree;command_line_count;module_count;memory_region_count;relationship_type_count
LEVT-M57-Jean-PROCESS-976-20091121013232,976,2009-11-21T01:32:32Z,-0.02371157833793547,7,False,-0.050357595069930206,11,False,46,46,parent_count;child_count;graph_degree;in_degree;out_degree;command_line_count;module_count;memory_region_count;relationship_type_count,gap_log_seconds;local_density_10s;local_density_30s;local_density_60s;process_changed;parent_count;child_count;graph_degree;in_degree;out_degree;command_line_count;module_count;memory_region_count;relationship_type_count
LEVT-M57-Jean-PROCESS-988-20091121013232,988,2009-11-21T01:32:32Z,-0.1594961243583578,38,False,-0.1459010948651585,39,False,46,46,parent_count;child_count;graph_degree;in_degree;out_degree;command_line_count;module_count;memory_region_count;relationship_type_count,gap_log_seconds;local_density_10s;local_density_30s;local_density_60s;process_changed;parent_count;child_count;graph_degree;in_degree;out_degree;command_line_count;module_count;memory_region_count;relationship_type_count
