logical_event_id,process_id_temporal,timestamp_temporal,temporal_anomaly_score,temporal_predicted_anomaly,temporal_anomaly_rank,process_id_graph,timestamp_graph,process,parent_count,child_count,graph_degree,in_degree,out_degree,command_line_count,module_count,memory_region_count,relationship_type_count,process_id_graph_aware,timestamp_graph_aware,graph_aware_score,graph_aware_predicted_anomaly,process_id,timestamp,temporal_score,graph_score,graph_predicted_anomaly,graph_score_rank,controlled_graph_aware_score,controlled_graph_aware_predicted_anomaly,controlled_graph_aware_score_rank,normalized_temporal_score,normalized_graph_score,alpha,fusion_score,fusion_rank,fusion_predicted_anomaly,fusion_score_alpha_0_00,fusion_rank_alpha_0_00,fusion_predicted_anomaly_alpha_0_00,fusion_score_alpha_0_25,fusion_rank_alpha_0_25,fusion_predicted_anomaly_alpha_0_25,fusion_score_alpha_0_50,fusion_rank_alpha_0_50,fusion_predicted_anomaly_alpha_0_50,fusion_score_alpha_0_75,fusion_rank_alpha_0_75,fusion_predicted_anomaly_alpha_0_75,fusion_score_alpha_1_00,fusion_rank_alpha_1_00,fusion_predicted_anomaly_alpha_1_00
LEVT-M57-Jean-PROCESS-3560-20091123221635,3560,2009-11-23 22:16:35+00:00,-0.0615927248969963,False,13.0,3560,2009-11-23 22:16:35+00:00,soffice.bin,1,0,200,1,199,1,197,1,4,3560,2009-11-23 22:16:35+00:00,0.0738711085629044,True,3560,2009-11-23T22:16:35Z,-0.0615927248969963,0.09933120164826303,True,1,0.07069118924556927,True,1,0.5250910135143549,1.0,0.5,0.7625455067571775,1,True,1.0,1,True,0.8812727533785887,1,True,0.7625455067571775,1,True,0.6438182601357663,6,False,0.5250910135143549,13,False
LEVT-M57-Jean-PROCESS-1372-20091121013235,1372,2009-11-21 01:32:35+00:00,-0.0320978311838426,False,9.0,1372,2009-11-21 01:32:35+00:00,svchost.exe,1,0,172,1,171,1,168,2,4,1372,2009-11-21 01:32:35+00:00,0.0556629111762587,True,1372,2009-11-21T01:32:35Z,-0.0320978311838426,0.03725318507348152,True,3,0.04766060551250206,True,3,0.6464494160035203,0.7842223402025708,0.5,0.7153358781030456,2,True,0.7842223402025708,3,True,0.7497791091528081,2,True,0.7153358781030456,2,True,0.680892647053283,3,True,0.6464494160035203,9,False
LEVT-M57-Jean-PROCESS-1572-20091121013258,1572,2009-11-21 01:32:58+00:00,-0.0201582017428186,False,8.0,1572,2009-11-21 01:32:58+00:00,svchost.exe,1,0,36,1,35,0,34,1,3,1572,2009-11-21 01:32:58+00:00,-0.0653369700057797,False,1572,2009-11-21T01:32:58Z,-0.0201582017428186,-0.008541600165659635,False,6,-0.06639228064763791,False,15,0.6955756942456789,0.6250437430912387,0.5,0.6603097186684588,3,True,0.6250437430912387,6,False,0.6426767308798488,4,True,0.6603097186684588,3,True,0.6779427064570688,4,True,0.6955756942456789,8,False
LEVT-M57-Jean-PROCESS-2892-20091123220335,2892,2009-11-23 22:03:35+00:00,-0.0665935473504952,False,14.0,2892,2009-11-23 22:03:35+00:00,firefox.exe,1,0,102,1,101,1,87,13,4,2892,2009-11-23 22:03:35+00:00,0.0619213473507312,True,2892,2009-11-23T22:03:35Z,-0.0665935473504952,0.022733141198667095,True,4,0.0632949413587357,True,2,0.5045148476874571,0.7337519601818238,0.5,0.6191334039346404,4,True,0.7337519601818238,4,True,0.6764426820582321,3,True,0.6191334039346404,4,True,0.5618241258110488,11,False,0.5045148476874571,14,False
LEVT-M57-Jean-PROCESS-3996-20091121013335,3996,2009-11-21 01:33:35+00:00,0.03940812362186,True,2.0,3996,2009-11-21 01:33:35+00:00,alg.exe,1,0,5,1,4,1,3,0,3,3996,2009-11-21 01:33:35+00:00,-0.1363867170326745,False,3996,2009-11-21T01:33:35Z,0.03940812362186,-0.11989490554052806,False,17,-0.13109353388306627,False,35,0.9406646970646116,0.23798956561839507,0.5,0.5893271313415034,5,True,0.23798956561839507,17,False,0.4136583484799492,9,False,0.5893271313415034,5,True,0.7649959142030575,2,True,0.9406646970646116,2,True
LEVT-M57-Jean-PROCESS-3992-20091123170451,3992,2009-11-23 17:04:51+00:00,0.0538289500139452,True,1.0,3992,2009-11-23 17:04:51+00:00,iexplore.exe,1,0,1,1,0,0,0,0,1,3992,2009-11-23 17:04:51+00:00,0.0223567876815253,True,3992,2009-11-23T17:04:51Z,0.0538289500139452,-0.1445054346080965,False,30,0.020322827277551525,True,4,1.0,0.1524455572627251,0.5,0.5762227786313625,6,False,0.1524455572627251,30,False,0.3643341679470438,10,False,0.5762227786313625,6,False,0.7881113893156813,1,True,1.0,1,True
LEVT-M57-Jean-PROCESS-1204-20091123165512,1204,2009-11-23 16:55:12+00:00,0.0158258261367998,True,3.0,1204,2009-11-23 16:55:12+00:00,iexplore.exe,1,0,1,1,0,0,0,0,1,1204,2009-11-23 16:55:12+00:00,-0.0465295090835093,False,1204,2009-11-23T16:55:12Z,0.0158258261367998,-0.1445054346080965,False,22,-0.049834032387950034,False,10,0.8436340049846854,0.1524455572627251,0.5,0.4980397811237053,7,False,0.1524455572627251,22,False,0.3252426691932152,13,False,0.4980397811237053,7,False,0.6708368930541954,5,True,0.8436340049846854,3,True
LEVT-M57-Jean-PROCESS-1944-20091121013301,1944,2009-11-21 01:33:01+00:00,-0.1430522107595317,False,33.0,1944,2009-11-21 01:33:01+00:00,explorer.exe,1,9,123,1,122,1,109,3,4,1944,2009-11-21 01:33:01+00:00,0.0083882118730397,True,1944,2009-11-21T01:33:01Z,-0.1430522107595317,0.03889556828715113,True,2,0.008887366600228264,True,5,0.18992136794762637,0.7899311180580826,0.5,0.4899262430028545,8,False,0.7899311180580826,2,True,0.6399286805304685,5,True,0.4899262430028545,8,False,0.3399238054752404,18,False,0.18992136794762637,33,False
LEVT-M57-Jean-PROCESS-2004-20091123235245,2004,2009-11-23 23:52:45+00:00,0.0040829844087149,True,5.0,2004,2009-11-23 23:52:45+00:00,avgcmgr.exe,1,0,1,1,0,0,0,0,1,2004,2009-11-23 23:52:45+00:00,-0.0320065068366266,False,2004,2009-11-23T23:52:45Z,0.0040829844087149,-0.1445054346080965,False,24,-0.0351791923350846,False,7,0.7953174208781981,0.1524455572627251,0.5,0.4738814890704616,9,False,0.1524455572627251,24,False,0.31316352316659335,14,False,0.4738814890704616,9,False,0.6345994549743299,7,False,0.7953174208781981,5,True
LEVT-M57-Jean-PROCESS-4028-20091123171439,4028,2009-11-23 17:14:39+00:00,-0.0040829844087147,False,6.0,4028,2009-11-23 17:14:39+00:00,iexplore.exe,1,0,1,1,0,0,0,0,1,4028,2009-11-23 17:14:39+00:00,-0.0362529006521815,False,4028,2009-11-23T17:14:39Z,-0.0040829844087147,-0.1445054346080965,False,31,-0.039181789244445486,False,9,0.7617180819520286,0.1524455572627251,0.5,0.45708181960737687,10,False,0.1524455572627251,31,False,0.304763688435051,16,False,0.45708181960737687,10,False,0.6093999507797028,8,False,0.7617180819520286,6,False
LEVT-M57-Jean-PROCESS-2080-20091123221633,2080,2009-11-23 22:16:33+00:00,-0.0118939393812987,False,7.0,2080,2009-11-23 22:16:33+00:00,swriter.exe,1,1,19,1,18,1,16,0,3,2080,2009-11-23 22:16:33+00:00,-0.0791760105264843,False,2080,2009-11-23T22:16:33Z,-0.0118939393812987,-0.14910372944653544,False,34,-0.0790670822309284,False,17,0.7295794674987459,0.13646229371722027,0.5,0.4330208806079831,11,False,0.13646229371722027,34,False,0.2847415871626017,19,False,0.4330208806079831,11,False,0.5813001740533645,10,False,0.7295794674987459,7,False
LEVT-M57-Jean-PROCESS-1248-20091121013234,1248,2009-11-21 01:32:34+00:00,0.0060463978368525,True,4.0,1248,2009-11-21 01:32:34+00:00,svchost.exe,1,0,41,1,40,1,38,1,4,1248,2009-11-21 01:32:34+00:00,-0.0875725078764863,False,1248,2009-11-21T01:32:34Z,0.0060463978368525,-0.18836316223101884,False,46,-0.09291185736571095,False,22,0.8033959960845327,0.0,0.5,0.40169799804226636,12,False,0.0,46,False,0.20084899902113318,29,False,0.40169799804226636,12,False,0.6025469970633995,9,False,0.8033959960845327,4,True
LEVT-M57-Jean-PROCESS-976-20091121013232,976,2009-11-21 01:32:32+00:00,-0.1351104839608164,False,28.0,976,2009-11-21 01:32:32+00:00,services.exe,1,13,43,1,42,1,27,1,4,976,2009-11-21 01:32:32+00:00,-0.0441472917245667,False,976,2009-11-21T01:32:32Z,-0.1351104839608164,-0.02371157833793547,False,7,-0.050357595069930206,False,11,0.22259805044971193,0.5723142493058087,0.5,0.3974561498777603,13,False,0.5723142493058087,7,False,0.48488519959178444,7,False,0.3974561498777603,13,False,0.31002710016373614,19,False,0.22259805044971193,28,False
LEVT-M57-Jean-PROCESS-1836-20091121013308,1836,2009-11-21 01:33:08+00:00,-0.1642084396719071,False,40.0,1836,2009-11-21 01:33:08+00:00,AVGIDSMonitor.e,1,0,4,1,3,0,0,3,2,1836,2009-11-21 01:33:08+00:00,-0.0649090499374007,False,1836,2009-11-21T01:33:08Z,-0.1642084396719071,0.008541600165659635,True,5,-0.05983325331975353,False,13,0.10287287174111306,0.6844234267978249,0.5,0.39364814926946895,14,False,0.6844234267978249,5,True,0.5390357880336469,6,False,0.39364814926946895,14,False,0.24826051050529102,26,False,0.10287287174111306,40,False
LEVT-M57-Jean-PROCESS-1664-20091121013258,1664,2009-11-21 01:32:58+00:00,-0.0878570959404871,False,16.0,1664,2009-11-21 01:32:58+00:00,avgwdsvc.exe,1,5,57,1,56,1,48,2,4,1664,2009-11-21 01:32:58+00:00,-0.1222727770132078,False,1664,2009-11-21T01:32:58Z,-0.0878570959404871,-0.10169902307223772,False,14,-0.1254072081912559,False,34,0.4170247786189476,0.3012368333887343,0.5,0.35913080600384095,15,False,0.3012368333887343,14,False,0.33018381969628763,12,False,0.35913080600384095,15,False,0.3880777923113943,16,False,0.4170247786189476,16,False
LEVT-M57-Jean-PROCESS-2488-20091121013317,2488,2009-11-21 01:33:17+00:00,-0.0517342584665471,False,11.0,2488,2009-11-21 01:33:17+00:00,avgcsrvx.exe,1,0,1,1,0,0,0,0,1,2488,2009-11-21 01:33:17+00:00,-0.0972485404283393,False,2488,2009-11-21T01:33:17Z,-0.0517342584665471,-0.1445054346080965,False,26,-0.09554740521210597,False,23,0.5656542292569776,0.1524455572627251,0.5,0.35904989325985137,16,False,0.1524455572627251,26,False,0.2557477252612882,22,False,0.35904989325985137,16,False,0.46235206125841444,12,False,0.5656542292569776,11,False
LEVT-M57-Jean-PROCESS-208-20091123165519,208,2009-11-23 16:55:19+00:00,-0.0767257077984527,False,15.0,208,2009-11-23 16:55:19+00:00,msimn.exe,1,0,94,1,93,1,90,2,4,208,2009-11-23 16:55:19+00:00,-0.0055921412486931,False,208,2009-11-23T16:55:19Z,-0.0767257077984527,-0.12005322614998726,False,18,-0.008887366600228264,False,6,0.4628255024846412,0.2374392572726757,0.5,0.3501323798786585,17,False,0.2374392572726757,18,False,0.2937858185756671,18,False,0.3501323798786585,17,False,0.40647894118164984,15,False,0.4628255024846412,15,False
LEVT-M57-Jean-PROCESS-1796-20091121013301,1796,2009-11-21 01:33:01+00:00,-0.1430522107595317,False,32.0,1796,2009-11-21 01:33:01+00:00,avgfws9.exe,1,0,89,1,88,1,87,0,3,1796,2009-11-21 01:33:01+00:00,-0.0844564769559181,False,1796,2009-11-21T01:33:01Z,-0.1430522107595317,-0.043082572618710846,False,8,-0.08822564375685599,False,21,0.18992136794762637,0.504982397476749,0.5,0.3474518827121877,18,False,0.504982397476749,8,False,0.42621714009446837,8,False,0.3474518827121877,18,False,0.26868662532990706,21,False,0.18992136794762637,32,False
LEVT-M57-Jean-PROCESS-3908-20091123221634,3908,2009-11-23 22:16:34+00:00,-0.0615927248969963,False,12.0,3908,2009-11-23 22:16:34+00:00,soffice.exe,1,1,18,1,17,1,15,0,3,3908,2009-11-23 22:16:34+00:00,-0.0765891516455855,False,3908,2009-11-23T22:16:34Z,-0.0615927248969963,-0.15254847337470262,False,36,-0.07697383216358045,False,16,0.5250910135143549,0.124488670453566,0.5,0.3247898419839605,19,False,0.124488670453566,36,False,0.22463925621876324,25,False,0.3247898419839605,19,False,0.4249404277491577,14,False,0.5250910135143549,12,False
LEVT-M57-Jean-PROCESS-1432-20091121013235,1432,2009-11-21 01:32:35+00:00,-0.0436383721475696,False,10.0,1432,2009-11-21 01:32:35+00:00,svchost.exe,1,0,35,1,34,1,32,1,4,1432,2009-11-21 01:32:35+00:00,-0.0790597010228937,False,1432,2009-11-21T01:32:35Z,-0.0436383721475696,-0.1850616475726582,False,44,-0.08690306485773674,False,19,0.5989652097934777,0.01147577107122607,0.5,0.3052204904323519,20,False,0.01147577107122607,44,False,0.15834813075178897,35,False,0.3052204904323519,20,False,0.4520928501129148,13,False,0.5989652097934777,10,False
LEVT-M57-Jean-PROCESS-1356-20091121013448,1356,2009-11-21 01:34:48+00:00,-0.1127421193192026,False,18.0,1356,2009-11-21 01:34:48+00:00,avgcsrvx.exe,1,0,2,1,1,1,0,0,2,1356,2009-11-21 01:34:48+00:00,-0.1147093356506139,False,1356,2009-11-21T01:34:48Z,-0.1127421193192026,-0.10395762818862048,False,15,-0.1071697832249277,False,26,0.31463394742908546,0.2933861230518071,0.5,0.3040100352404463,21,False,0.2933861230518071,15,False,0.29869807914612667,17,False,0.3040100352404463,21,False,0.3093219913347659,20,False,0.31463394742908546,18,False
LEVT-M57-Jean-PROCESS-932-20091121013232,932,2009-11-21 01:32:32+00:00,-0.1351104839608164,False,27.0,932,2009-11-21 01:32:32+00:00,winlogon.exe,1,4,94,1,93,1,86,2,4,932,2009-11-21 01:32:32+00:00,-0.0830100151045404,False,932,2009-11-21T01:32:32Z,-0.1351104839608164,-0.0776073146787194,False,9,-0.08594931057074312,False,18,0.22259805044971193,0.38497746726374243,0.5,0.30378775885672715,22,False,0.38497746726374243,9,False,0.34438261306023477,11,False,0.30378775885672715,22,False,0.26319290465321954,22,False,0.22259805044971193,27,False
LEVT-M57-Jean-PROCESS-2840-20091123170451,2840,2009-11-23 17:04:51+00:00,-0.0900001777162519,False,17.0,2840,2009-11-23 17:04:51+00:00,iexplore.exe,1,0,1,1,0,0,0,0,1,2840,2009-11-23 17:04:51+00:00,-0.0347822489459361,False,2840,2009-11-23T17:04:51Z,-0.0900001777162519,-0.1445054346080965,False,28,-0.03648235278684142,False,8,0.40820694787035017,0.1524455572627251,0.5,0.28032625256653765,23,False,0.1524455572627251,28,False,0.21638590491463136,26,False,0.28032625256653765,23,False,0.3442666002184439,17,False,0.40820694787035017,17,False
LEVT-M57-Jean-PROCESS-2132-20091121013311,2132,2009-11-21 01:33:11+00:00,-0.135661506327465,False,30.0,2132,2009-11-21 01:33:11+00:00,avgemc.exe,1,1,7,1,6,1,3,1,4,2132,2009-11-21 01:33:11+00:00,-0.1239746368140754,False,2132,2009-11-21T01:33:11Z,-0.135661506327465,-0.09104775090348527,False,10,-0.1192480292589374,False,31,0.220330837866998,0.3382597073343003,0.5,0.2792952726006491,24,False,0.3382597073343003,10,False,0.30877748996747467,15,False,0.2792952726006491,24,False,0.24981305523382358,25,False,0.220330837866998,30,False
LEVT-M57-Jean-PROCESS-1504-20091121013305,1504,2009-11-21 01:33:05+00:00,-0.155768051674823,False,37.0,1504,2009-11-21 01:33:05+00:00,hkcmd.exe,1,0,2,1,1,0,0,1,2,1504,2009-11-21 01:33:05+00:00,-0.1140152248641443,False,1504,2009-11-21T01:33:05Z,-0.155768051674823,-0.09451811369768959,False,11,-0.11429150674884053,False,29,0.13760132384799575,0.3261970351727403,0.5,0.23189917951036804,25,False,0.3261970351727403,11,False,0.27904810734155416,20,False,0.23189917951036804,25,False,0.1847502516791819,34,False,0.13760132384799575,37,False
LEVT-M57-Jean-PROCESS-908-20091121013232,908,2009-11-21 01:32:32+00:00,-0.1270442551762337,False,22.0,908,2009-11-21 01:32:32+00:00,csrss.exe,1,0,18,1,17,1,14,2,4,908,2009-11-21 01:32:32+00:00,-0.116208724625895,False,908,2009-11-21T01:32:32Z,-0.1270442551762337,-0.13210806734583047,False,21,-0.12349817190243134,False,33,0.2557870033894719,0.19553770232632475,0.5,0.22566235285789832,26,False,0.19553770232632475,21,False,0.21060002759211155,27,False,0.22566235285789832,26,False,0.24072467812368512,27,False,0.2557870033894719,22,False
LEVT-M57-Jean-PROCESS-2296-20091121013314,2296,2009-11-21 01:33:14+00:00,-0.1164536629939649,False,19.0,2296,2009-11-21 01:33:14+00:00,avgnsx.exe,1,1,35,1,34,1,32,0,3,2296,2009-11-21 01:33:14+00:00,-0.1397688659305001,False,2296,2009-11-21T01:33:14Z,-0.1164536629939649,-0.14495573340604923,False,32,-0.13219050092604834,False,37,0.2993625917999229,0.15088035872396727,0.5,0.2251214752619451,27,False,0.15088035872396727,32,False,0.18800091699295618,30,False,0.2251214752619451,27,False,0.262242033530934,23,False,0.2993625917999229,19,False
LEVT-M57-Jean-PROCESS-3196-20091123182209,3196,2009-11-23 18:22:09+00:00,-0.1200022622841859,False,20.0,3196,2009-11-23 18:22:09+00:00,avgsrmax.exe,1,0,1,1,0,0,0,0,1,3196,2009-11-23 18:22:09+00:00,-0.0950074277746574,False,3196,2009-11-23T18:22:09Z,-0.1200022622841859,-0.1445054346080965,False,29,-0.09833188785482744,False,24,0.28476168002435853,0.1524455572627251,0.5,0.21860361864354183,28,False,0.1524455572627251,29,False,0.18552458795313345,31,False,0.21860361864354183,28,False,0.2516826493339502,24,False,0.28476168002435853,20,False
LEVT-M57-Jean-PROCESS-1760-20091121013238,1760,2009-11-21 01:32:38+00:00,-0.1550950037661226,False,36.0,1760,2009-11-21 01:32:38+00:00,avgcsrvx.exe,1,0,2,1,1,1,0,0,2,1760,2009-11-21 01:32:38+00:00,-0.145538019371901,False,1760,2009-11-21T01:32:38Z,-0.1550950037661226,-0.10395762818862048,False,16,-0.13452817448299748,False,38,0.14037061740073462,0.2933861230518071,0.5,0.21687837022627088,29,False,0.2933861230518071,16,False,0.255132246639039,23,False,0.21687837022627088,29,False,0.17862449381350273,35,False,0.14037061740073462,36,False
LEVT-M57-Jean-PROCESS-2308-20091123225441,2308,2009-11-23 22:54:41+00:00,-0.1273188600976733,False,24.0,2308,2009-11-23 22:54:41+00:00,avgcmgr.exe,1,0,1,1,0,0,0,0,1,2308,2009-11-23 22:54:41+00:00,-0.1043146076217172,False,2308,2009-11-23T22:54:41Z,-0.1273188600976733,-0.1445054346080965,False,25,-0.10750059310132354,False,28,0.25465712596371565,0.1524455572627251,0.5,0.20355134161322036,30,False,0.1524455572627251,25,False,0.17799844943797272,32,False,0.20355134161322036,30,False,0.22910423378846803,29,False,0.25465712596371565,24,False
LEVT-M57-Jean-PROCESS-1676-20091121013306,1676,2009-11-21 01:33:06+00:00,-0.177691421470011,False,42.0,1676,2009-11-21 01:33:06+00:00,ctfmon.exe,1,0,2,1,1,0,0,1,2,1676,2009-11-21 01:33:06+00:00,-0.1212117633637109,False,1676,2009-11-21T01:33:06Z,-0.177691421470011,-0.09451811369768959,False,13,-0.12103677911479821,False,32,0.0473963832437613,0.3261970351727403,0.5,0.1867967092082508,31,False,0.3261970351727403,13,False,0.25649687219049555,21,False,0.1867967092082508,31,False,0.11709654622600604,40,False,0.0473963832437613,42,False
LEVT-M57-Jean-PROCESS-344-20091121013301,344,2009-11-21 01:33:01+00:00,-0.1210072608926279,False,21.0,344,2009-11-21 01:33:01+00:00,jqs.exe,1,0,35,1,34,1,33,0,3,344,2009-11-21 01:33:01+00:00,-0.1455318819824991,False,344,2009-11-21T01:33:01Z,-0.1210072608926279,-0.16302383769010564,False,40,-0.14676127479107176,False,40,0.280626556609082,0.08807723654796977,0.5,0.18435189657852588,32,False,0.08807723654796977,40,False,0.13621456656324782,39,False,0.18435189657852588,32,False,0.23248922659380392,28,False,0.280626556609082,21,False
LEVT-M57-Jean-PROCESS-2992-20091124000124,2992,2009-11-24 00:01:24+00:00,-0.1291236306337613,False,26.0,2992,2009-11-24 00:01:24+00:00,mdd_1.3.exe,1,0,17,1,16,1,15,0,3,2992,2009-11-24 00:01:24+00:00,-0.0843601420409625,False,2992,2009-11-24T00:01:24Z,-0.1291236306337613,-0.1540371543304747,False,37,-0.08775000518582993,False,20,0.24723129587769369,0.11931414796484338,0.5,0.18327272192126853,33,False,0.11931414796484338,37,False,0.15129343494305594,37,False,0.18327272192126853,33,False,0.21525200889948112,30,False,0.24723129587769369,26,False
LEVT-M57-Jean-PROCESS-2028-20091121013242,2028,2009-11-21 01:32:42+00:00,-0.159997552393769,False,38.0,2028,2009-11-21 01:32:42+00:00,AVGIDSAgent.exe,1,0,63,1,62,1,58,3,4,2028,2009-11-21 01:32:42+00:00,-0.1286433685681302,False,2028,2009-11-21T01:32:42Z,-0.159997552393769,-0.1204617692317338,False,19,-0.13118312079598288,False,36,0.12019880476893371,0.23601919788660455,0.5,0.17810900132776913,34,False,0.23601919788660455,19,False,0.20706409960718686,28,False,0.17810900132776913,34,False,0.1491539030483514,39,False,0.12019880476893371,38,False
LEVT-M57-Jean-PROCESS-2244-20091121013313,2244,2009-11-21 01:33:13+00:00,-0.1276417454013447,False,25.0,2244,2009-11-21 01:33:13+00:00,avgam.exe,1,0,29,1,28,1,27,0,3,2244,2009-11-21 01:33:13+00:00,-0.1478829551445319,False,2244,2009-11-21T01:33:13Z,-0.1276417454013447,-0.15952998562276793,False,39,-0.14692893719195083,False,41,0.2533285961842265,0.10022155533206577,0.5,0.17677507575814613,35,False,0.10022155533206577,39,False,0.13849831554510594,38,False,0.17677507575814613,35,False,0.21505183597118632,31,False,0.2533285961842265,25,False
LEVT-M57-Jean-PROCESS-2576-20091123220845,2576,2009-11-23 22:08:45+00:00,-0.1455377317353203,False,34.0,2576,2009-11-23 22:08:45+00:00,iexplore.exe,1,0,1,1,0,0,0,0,1,2576,2009-11-23 22:08:45+00:00,-0.1017416713557904,False,2576,2009-11-23T22:08:45Z,-0.1455377317353203,-0.1445054346080965,False,27,-0.10415924340510668,False,25,0.17969455181095736,0.1524455572627251,0.5,0.16607005453684123,36,False,0.1524455572627251,27,False,0.15925780589978317,34,False,0.16607005453684123,36,False,0.1728823031738993,36,False,0.17969455181095736,34,False
LEVT-M57-Jean-PROCESS-1528-20091121013305,1528,2009-11-21 01:33:05+00:00,-0.1892106179779532,False,46.0,1528,2009-11-21 01:33:05+00:00,jusched.exe,1,0,2,1,1,0,0,1,2,1528,2009-11-21 01:33:05+00:00,-0.1163620354428939,False,1528,2009-11-21T01:33:05Z,-0.1892106179779532,-0.09451811369768959,False,12,-0.11660305645733182,False,30,0.0,0.3261970351727403,0.5,0.16309851758637015,37,False,0.3261970351727403,12,False,0.2446477763795552,24,False,0.16309851758637015,37,False,0.08154925879318507,41,False,0.0,46,False
LEVT-M57-Jean-PROCESS-620-20091123235925,620,2009-11-23 23:59:25+00:00,-0.1458811396449391,False,35.0,620,2009-11-23 23:59:25+00:00,cmd.exe,1,1,26,1,25,1,23,0,3,620,2009-11-23 23:59:25+00:00,-0.0529188793186515,False,620,2009-11-23T23:59:25Z,-0.1458811396449391,-0.1466845123128257,False,33,-0.05144133187644084,False,12,0.17828158061266164,0.14487127712964767,0.5,0.16157642887115464,38,False,0.14487127712964767,33,False,0.15322385300040117,36,False,0.16157642887115464,38,False,0.16992900474190814,37,False,0.17828158061266164,35,False
LEVT-M57-Jean-PROCESS-988-20091121013232,988,2009-11-21 01:32:32+00:00,-0.1351104839608164,False,29.0,988,2009-11-21 01:32:32+00:00,lsass.exe,1,0,61,1,60,1,58,1,4,988,2009-11-21 01:32:32+00:00,-0.1430919031243578,False,988,2009-11-21T01:32:32Z,-0.1351104839608164,-0.1594961243583578,False,38,-0.1459010948651585,False,39,0.22259805044971193,0.10033925407302663,0.5,0.16146865226136928,39,False,0.10033925407302663,38,False,0.13090395316719794,40,False,0.16146865226136928,39,False,0.19203335135554062,33,False,0.22259805044971193,29,False
LEVT-M57-Jean-PROCESS-1152-20091121013234,1152,2009-11-21 01:32:34+00:00,-0.1270442551762337,False,23.0,1152,2009-11-21 01:32:34+00:00,svchost.exe,1,0,51,1,50,1,48,1,4,1152,2009-11-21 01:32:34+00:00,-0.1700091964640421,False,1152,2009-11-21T01:32:34Z,-0.1270442551762337,-0.17926312962845475,False,43,-0.17397528425514525,False,46,0.2557870033894719,0.03163090329563256,0.5,0.14370895334255224,40,False,0.03163090329563256,43,False,0.0876699283190924,43,False,0.14370895334255224,40,False,0.19974797836601207,32,False,0.2557870033894719,23,False
LEVT-M57-Jean-PROCESS-1620-20091121013235,1620,2009-11-21 01:32:35+00:00,-0.1820219523365405,False,44.0,1620,2009-11-21 01:32:35+00:00,avgrsx.exe,1,1,13,1,12,1,10,0,3,1620,2009-11-21 01:32:35+00:00,-0.1115733982192455,False,1620,2009-11-21T01:32:35Z,-0.1820219523365405,-0.1242587302300559,False,20,-0.10734085496544221,False,27,0.02957816992849623,0.22282129943936443,0.5,0.12619973468393034,41,False,0.22282129943936443,20,False,0.17451051706164739,33,False,0.12619973468393034,41,False,0.07788895230621329,43,False,0.02957816992849623,44,False
LEVT-M57-Jean-PROCESS-1996-20091121013242,1996,2009-11-21 01:32:42+00:00,-0.1420684386336065,False,31.0,1996,2009-11-21 01:32:42+00:00,spoolsv.exe,1,0,53,1,52,1,50,1,4,1996,2009-11-21 01:32:42+00:00,-0.1596368868859688,False,1996,2009-11-21T01:32:42Z,-0.1420684386336065,-0.17759115555128668,False,42,-0.16545166960530128,False,44,0.19396915380428162,0.03744253635866204,0.5,0.11570584508147183,42,False,0.03744253635866204,42,False,0.07657419072006694,44,False,0.11570584508147183,42,False,0.15483749944287672,38,False,0.19396915380428162,31,False
LEVT-M57-Jean-PROCESS-1612-20091121013235,1612,2009-11-21 01:32:35+00:00,-0.1820219523365405,False,43.0,1612,2009-11-21 01:32:35+00:00,avgchsvx.exe,1,0,1,1,0,0,0,0,1,1612,2009-11-21 01:32:35+00:00,-0.0595973867320492,False,1612,2009-11-21T01:32:35Z,-0.1820219523365405,-0.1445054346080965,False,23,-0.060474245468183474,False,14,0.02957816992849623,0.1524455572627251,0.5,0.09101186359561067,43,False,0.1524455572627251,23,False,0.12172871042916787,41,False,0.09101186359561067,43,False,0.06029501676205345,45,False,0.02957816992849623,43,False
LEVT-M57-Jean-PROCESS-1508-20091121013305,1508,2009-11-21 01:33:05+00:00,-0.1892106179779532,False,45.0,1508,2009-11-21 01:33:05+00:00,avgtray.exe,1,1,38,1,37,1,33,2,4,1508,2009-11-21 01:33:05+00:00,-0.1538313178987189,False,1508,2009-11-21T01:33:05Z,-0.1892106179779532,-0.15217019732787118,False,35,-0.15600974880879842,False,43,0.0,0.12580352432046402,0.5,0.06290176216023201,44,False,0.12580352432046402,35,False,0.094352643240348,42,False,0.06290176216023201,44,False,0.031450881080116004,46,False,0.0,45,False
LEVT-M57-Jean-PROCESS-1752-20091121013306,1752,2009-11-21 01:33:06+00:00,-0.1733614324865188,False,41.0,1752,2009-11-21 01:33:06+00:00,msmsgs.exe,1,0,47,1,46,1,43,2,4,1752,2009-11-21 01:33:06+00:00,-0.1636836566676644,False,1752,2009-11-21T01:33:06Z,-0.1733614324865188,-0.17133820235753655,False,41,-0.1682826052380857,False,45,0.06521236695072923,0.05917724505936466,0.5,0.06219480600504694,45,False,0.05917724505936466,41,False,0.0606860255322058,45,False,0.06219480600504694,45,False,0.06370358647788808,44,False,0.06521236695072923,41,False
LEVT-M57-Jean-PROCESS-1732-20091121013237,1732,2009-11-21 01:32:37+00:00,-0.1633628244014403,False,39.0,1732,2009-11-21 01:32:37+00:00,svchost.exe,1,0,43,1,42,1,40,1,4,1732,2009-11-21 01:32:37+00:00,-0.1446258270911565,False,1732,2009-11-21T01:32:37Z,-0.1633628244014403,-0.1877759898777847,False,45,-0.14707760854089924,False,42,0.10635220342958529,0.002040958833244693,0.5,0.05419658113141499,46,False,0.002040958833244693,45,False,0.028118769982329844,46,False,0.05419658113141499,46,False,0.08027439228050014,42,False,0.10635220342958529,39,False
