case_id,logical_event_id,temporal_sequence,timestamp,process_id,process,graph_anomaly_score,graph_predicted_anomaly,graph_anomaly_rank,value_gap_log_seconds,shap_gap_log_seconds,value_local_density_10s,shap_local_density_10s,value_local_density_30s,shap_local_density_30s,value_local_density_60s,shap_local_density_60s,value_process_changed,shap_process_changed,value_parent_count,shap_parent_count,value_child_count,shap_child_count,value_graph_degree,shap_graph_degree,value_in_degree,shap_in_degree,value_out_degree,shap_out_degree,value_command_line_count,shap_command_line_count,value_module_count,shap_module_count,value_memory_region_count,shap_memory_region_count,value_relationship_type_count,shap_relationship_type_count
M57-Jean,LEVT-M57-Jean-PROCESS-3560-20091123221635,43,2009-11-23 22:16:35+00:00,3560,soffice.bin,0.0738711085629044,True,1,0.6931471805599453,0.021018173939173237,9,-0.17735053083199911,15,-0.28402864243846415,15,-0.28466686979473876,1,0.11607596401520491,1,0.0,0,0.10625338758716389,200,-0.8272472409455719,1,0.0,199,-0.8454188909371096,1,0.06892352672402816,197,-0.8060277859370265,1,0.031900988585982996,4,-0.008149600525044032
M57-Jean,LEVT-M57-Jean-PROCESS-2892-20091123220335,39,2009-11-23 22:03:35+00:00,2892,firefox.exe,0.0619213473507312,True,2,9.494541392591309,-0.5389776634357095,9,-0.17190896776428308,15,-0.22650383095028706,15,-0.23183002628695595,1,0.11657761176221265,1,0.0,0,0.10243366183370475,102,-0.27316923752478844,1,0.0,101,-0.29229532785960194,1,0.05858235844446852,87,-0.21435958192591467,13,-1.0175937196590934,4,-0.014102973881614802
M57-Jean,LEVT-M57-Jean-PROCESS-1372-20091121013235,8,2009-11-21 01:32:35+00:00,1372,svchost.exe,0.0556629111762587,True,3,0.6931471805599453,0.059246138583183665,35,0.013133352808622115,35,-0.014794071644924899,35,-0.0062838555559372195,0,-0.8877604421987961,1,0.0,0,0.10075007765722553,172,-0.6561200046344384,1,0.0,171,-0.6547862204120888,1,0.1160966644018481,168,-0.6876055805085609,2,-0.06439694264633043,4,0.07796903137097366
M57-Jean,LEVT-M57-Jean-PROCESS-3992-20091123170451,36,2009-11-23 17:04:51+00:00,3992,iexplore.exe,0.0223567876815253,True,4,0.0,-0.05755636892100342,7,-0.25611911048612274,16,-0.39107861960897217,16,-0.4336896886580849,0,-0.8916258047434936,1,0.0,0,0.08586206904609253,1,0.05188100168040954,1,0.0,0,0.06629941946202228,0,-0.2180004677733765,0,0.07361306367295134,0,0.07234791205957464,1,-0.1645723981897029
M57-Jean,LEVT-M57-Jean-PROCESS-1944-20091121013301,20,2009-11-21 01:33:01+00:00,1944,explorer.exe,0.0083882118730397,True,5,0.0,0.09612044046582294,34,0.08863304283823416,34,0.06593100343151134,34,0.053903343969784044,1,0.1190041671613858,1,0.0,9,-0.9807794210162571,123,-0.4128799518171453,1,0.0,122,-0.4590681958097957,1,0.13148226597114662,109,-0.3302187031855002,3,-0.3139591983491053,4,0.11561713951107765
M57-Jean,LEVT-M57-Jean-PROCESS-208-20091123165519,34,2009-11-23 16:55:19+00:00,208,msimn.exe,-0.0055921412486931,False,6,2.079441541679836,-0.10147542396635313,6,-0.4312997975816316,15,-0.31572689129782083,15,-0.34196960046465125,1,0.13372283697302675,1,0.0,0,0.1257629325326057,94,-0.24123314318043043,1,0.0,93,-0.22115095565448728,1,0.09203060434889629,90,-0.23288472819110456,2,-0.08025844430988678,4,0.030691595687820213
M57-Jean,LEVT-M57-Jean-PROCESS-2004-20091123235245,45,2009-11-23 23:52:45+00:00,2004,avgcmgr.exe,-0.0320065068366266,False,7,8.156223323194624,-0.16774255229268026,9,-0.06805985271554883,15,-0.029601646080714757,15,-0.06518542812741583,0,-1.0339992477962106,1,0.0,0,0.08963010707076385,1,0.08635470248358759,1,0.0,0,0.09029242988624987,0,-0.13099372384039254,0,0.10153165879701764,0,0.09372785710376051,1,-0.07482868524760065
M57-Jean,LEVT-M57-Jean-PROCESS-2840-20091123170451,35,2009-11-23 17:04:51+00:00,2840,iexplore.exe,-0.0347822489459361,False,8,6.35088571671474,-0.15233492107358296,7,-0.2964704616830391,16,-0.4422442392609084,16,-0.48969134738799425,1,0.15153475532732874,1,0.0,0,0.09864521541698981,1,0.08606599423050758,1,0.0,0,0.08771202770657802,0,-0.18120756293516702,0,0.09465719170978426,0,0.09962252730015739,1,-0.11390670332693292
M57-Jean,LEVT-M57-Jean-PROCESS-4028-20091123171439,37,2009-11-23 17:14:39+00:00,4028,iexplore.exe,-0.0362529006521815,False,9,6.3784261836515865,-0.07020414282180361,6,-0.19206553906306412,15,-0.023386896644001454,15,-0.07196055940031254,0,-0.9642873520494692,1,0.0,0,0.08889054258557784,1,0.08559666373913298,1,0.0,0,0.09171996095966173,0,-0.1116263666656516,0,0.10564981771756778,0,0.09427221020876338,1,-0.06295074810534705
M57-Jean,LEVT-M57-Jean-PROCESS-976-20091121013232,4,2009-11-21 01:32:32+00:00,976,services.exe,-0.0441472917245667,False,10,0.0,0.11018002482880968,35,0.05891232858475041,35,0.014508127239336572,35,-0.0011465976319626067,1,0.13743114760329145,1,0.0,13,-1.700900944938101,43,0.03298857737425045,1,0.0,42,0.055734348491786885,1,0.16126999511686052,27,0.02727344721655277,1,0.0951197366731349,4,0.12593418142036678
M57-Jean,LEVT-M57-Jean-PROCESS-1204-20091123165512,33,2009-11-23 16:55:12+00:00,1204,iexplore.exe,-0.0465295090835093,False,11,12.33721055104836,-0.8393007203218257,6,-0.2703045242094337,15,-0.05695245612594038,15,-0.12462719426284798,1,0.173046353927336,1,0.0,0,0.09994032469375252,1,0.09624352660713974,1,0.0,0,0.10017082602116528,0,-0.12446693058740303,0,0.09673904895440874,0,0.09508157868011846,1,-0.08327190988318932
M57-Jean,LEVT-M57-Jean-PROCESS-620-20091123235925,46,2009-11-23 23:59:25+00:00,620,cmd.exe,-0.0529188793186515,False,12,5.993961427306569,-0.23930587863438957,9,-0.1950067601155773,15,-0.21772312798342172,15,-0.25210921637346895,1,0.1448276031889397,1,0.0,1,-0.08294404838767973,26,-0.03206881642019633,1,0.0,25,-0.03324383110890356,1,0.11218596159287028,23,-0.03027001139293842,0,0.0880821160481155,3,0.021572375479894056
M57-Jean,LEVT-M57-Jean-PROCESS-1612-20091121013235,10,2009-11-21 01:32:35+00:00,1612,avgchsvx.exe,-0.0595973867320492,False,13,0.0,0.06311762218937439,35,-0.04894821142152459,35,-0.15394260943555088,35,-0.13225138398529887,1,0.16151881373798932,1,0.0,0,0.12907589026565566,1,0.03532037729896872,1,0.0,0,0.037722863007033196,0,-0.40177845452613176,0,0.07694787431809195,0,0.037550398355602345,1,-0.3915096585208299
M57-Jean,LEVT-M57-Jean-PROCESS-1836-20091121013308,26,2009-11-21 01:33:08+00:00,1836,AVGIDSMonitor.e,-0.0649090499374007,False,14,1.0986122886681098,0.12107397003864927,32,0.09431026458979788,32,0.028862653569897347,32,0.03498024359918489,1,0.152075433823844,1,0.0,0,0.1303751878534405,4,0.00401883575797584,1,0.0,3,0.02509849543546389,0,-0.43755426219165244,0,0.08207638145771616,3,-0.6425277998750987,2,-0.07629300398922895
M57-Jean,LEVT-M57-Jean-PROCESS-1572-20091121013258,16,2009-11-21 01:32:58+00:00,1572,svchost.exe,-0.0653369700057797,False,15,2.833213344056216,-0.23218562543539426,33,0.139273186470546,33,0.1083159338896691,33,0.1051398713850112,1,0.14981165753955514,1,0.0,0,0.12996128179810826,36,-0.045681123037995534,1,0.0,35,-0.0397718980822135,0,-0.7467254447074045,34,-0.051988410647676134,1,0.05268237937946195,3,-0.04393577582014514
M57-Jean,LEVT-M57-Jean-PROCESS-3908-20091123221634,42,2009-11-23 22:16:34+00:00,3908,soffice.exe,-0.0765891516455855,False,16,0.6931471805599453,8.749492563881293e-05,9,-0.23169435595102883,15,-0.2792810911338724,15,-0.3288012345204067,1,0.14965096502423003,1,0.0,1,-0.05401638130589304,18,0.06590074969609232,1,0.0,17,0.06282881003172326,1,0.14331873980651108,15,0.07586721851188437,0,0.08484687591822168,3,0.059656999965796084
M57-Jean,LEVT-M57-Jean-PROCESS-1432-20091121013235,9,2009-11-21 01:32:35+00:00,1432,svchost.exe,-0.0790597010228937,False,17,0.0,0.13525590570446386,35,0.05539104672452614,35,0.03202160370020887,35,0.01713062025958562,0,-1.2288303399845253,1,0.0,0,0.13311134599422036,35,0.06629094447054183,1,0.0,34,0.07768243818430899,1,0.197331947197477,32,0.08103998940154958,1,0.09902986072285555,4,0.13265816696464142
M57-Jean,LEVT-M57-Jean-PROCESS-2080-20091123221633,41,2009-11-23 22:16:33+00:00,2080,swriter.exe,-0.0791760105264843,False,18,6.150602768446279,-0.22003637573476523,9,-0.1496982722103559,15,-0.15308487563389822,15,-0.21297427040126854,1,0.14944172473081577,1,0.0,1,-0.06507214848422933,19,0.05749102191665518,1,0.0,18,0.05965887568702387,1,0.12461502841991068,16,0.06436559519225418,0,0.09610869158645158,3,0.049646805228324264
M57-Jean,LEVT-M57-Jean-PROCESS-932-20091121013232,3,2009-11-21 01:32:32+00:00,932,winlogon.exe,-0.0830100151045404,False,19,0.0,0.1568391709202449,35,0.07806764070278764,35,0.027266964880140052,35,0.02547794673006064,1,0.14884425005096039,1,0.0,4,-0.3298703656533575,94,-0.19601679716629838,1,0.0,93,-0.19569125765242995,1,0.18465560831116248,86,-0.19872266565727173,2,-0.010903298911372613,4,0.18823639450756616
M57-Jean,LEVT-M57-Jean-PROCESS-2992-20091124000124,47,2009-11-24 00:01:24+00:00,2992,mdd_1.3.exe,-0.0843601420409625,False,20,4.787491742782046,-0.16360312809766933,9,-0.15166867640322224,15,-0.16433233172164902,15,-0.2533676294402976,1,0.1578450944947384,1,0.0,0,0.09005949041288486,17,0.04805055620666934,1,0.0,16,0.030453600282034303,1,0.11644372067394206,15,0.06258066818999818,0,0.10082372783147152,3,0.03241395299252189
M57-Jean,LEVT-M57-Jean-PROCESS-1796-20091121013301,19,2009-11-21 01:33:01+00:00,1796,avgfws9.exe,-0.0844564769559181,False,21,0.0,0.13147267234694685,34,0.12240722778378017,34,0.08839280902133528,34,0.0788341767126461,1,0.15529392863723399,1,0.0,0,0.14777085976600798,89,-0.3059240770167071,1,0.0,88,-0.29015337281260406,1,0.192815650579492,87,-0.32495799800636804,0,-0.003911034384504703,3,-0.08437557162594433
M57-Jean,LEVT-M57-Jean-PROCESS-1248-20091121013234,7,2009-11-21 01:32:34+00:00,1248,svchost.exe,-0.0875725078764863,False,22,0.0,0.12273026285151119,33,0.14779521042955632,33,0.14445730935804568,33,0.12781154694829192,0,-1.3522480761493008,1,0.0,0,0.1355720153408749,41,0.059972612978334644,1,0.0,40,0.07940352650636762,1,0.19700191033391218,38,0.07311502731423102,1,0.10276388626654757,4,0.1331009653078696
M57-Jean,LEVT-M57-Jean-PROCESS-3196-20091123182209,38,2009-11-23 18:22:09+00:00,3196,avgsrmax.exe,-0.0950074277746574,False,23,8.30671904320269,-0.15329605254130504,6,-0.23525745046638907,15,-0.01592156728830982,15,-0.08411874535573703,1,0.19347511684566876,1,0.0,0,0.1085065266895188,1,0.1055340785082246,1,0.0,0,0.11070514603251469,0,-0.0921818847496125,0,0.11790603063325397,0,0.11122681432373721,1,-0.04116319683642862
M57-Jean,LEVT-M57-Jean-PROCESS-2488-20091121013317,30,2009-11-21 01:33:17+00:00,2488,avgcsrvx.exe,-0.0972485404283393,False,24,1.3862943611198906,0.08460841523851681,32,0.08971844156888237,32,0.02707311811370829,32,0.036551973357871755,1,0.1704072378185438,1,0.0,0,0.13338019147102995,1,0.0689677426698778,1,0.0,0,0.07426681405691576,0,-0.389417662500897,0,0.1099103525374892,0,0.09564174477693872,1,-0.3288177521724188
M57-Jean,LEVT-M57-Jean-PROCESS-2576-20091123220845,40,2009-11-23 22:08:45+00:00,2576,iexplore.exe,-0.1017416713557904,False,25,5.739792912179234,-0.09693885390644405,9,-0.07563133709533862,15,-0.02421749238941648,15,-0.08079673468094047,1,0.1930029781548205,1,0.0,0,0.11428696442367892,1,0.11072512808820924,1,0.0,0,0.11670749406090966,0,-0.14681722952720822,0,0.11658937715325153,0,0.11315763484680857,1,-0.07312292598025047
M57-Jean,LEVT-M57-Jean-PROCESS-2308-20091123225441,44,2009-11-23 22:54:41+00:00,2308,avgcmgr.exe,-0.1043146076217172,False,26,7.734996194022781,-0.11850576821354857,9,-0.05951333111887009,15,-0.014821982859328488,15,-0.07096676682241275,1,0.200096518113605,1,0.0,0,0.11216134287017697,1,0.10774394942440771,1,0.0,0,0.11480738631899037,0,-0.12050537194269278,0,0.11858843182144459,0,0.1117349470477079,1,-0.05926090010651162
M57-Jean,LEVT-M57-Jean-PROCESS-812-20091121013230,1,2009-11-21 01:32:30+00:00,812,smss.exe,-0.1084442775265002,False,27,1.0986122886681098,0.13908189859213987,32,0.14067838764475948,32,0.08156548377943339,32,0.0860013982451948,1,0.15527617609849664,1,0.0,2,-0.3737636036956878,4,0.019714587028476727,1,0.0,3,0.044969484420583274,1,0.12447937931365696,0,0.07131304853027101,0,0.08234984573932978,2,-0.16181526484098396
M57-Jean,LEVT-M57-Jean-PROCESS-1620-20091121013235,11,2009-11-21 01:32:35+00:00,1620,avgrsx.exe,-0.1115733982192455,False,28,0.0,0.11173490470890395,35,0.014647810430335067,35,-0.05145666265926763,35,-0.05603643038524993,1,0.15953688950314987,1,0.0,1,-0.023331953886179806,13,0.017208481393626456,1,0.0,12,0.029284782381315218,1,0.1860289928360139,10,0.01486644222905355,0,0.03451985212467896,3,0.040277265040156954
M57-Jean,LEVT-M57-Jean-PROCESS-1504-20091121013305,21,2009-11-21 01:33:05+00:00,1504,hkcmd.exe,-0.1140152248641443,False,29,1.6094379124341005,0.014097008811448809,34,0.13141377051310418,34,0.05670783856420615,34,0.05155883224701439,1,0.16494008989886624,1,0.0,0,0.1352146857054322,2,0.09450494049432645,1,0.0,1,0.09445005476398145,0,-0.343706275940959,0,0.10062025657398717,1,0.06914197441337473,2,-0.03872250751486804
M57-Jean,LEVT-M57-Jean-PROCESS-1356-20091121013448,32,2009-11-21 01:34:48+00:00,1356,avgcsrvx.exe,-0.1147093356506139,False,30,4.30406509320417,-0.3950775718663483,32,0.1212789019043428,32,0.038283418696027006,32,0.07304408603954446,1,0.1625626981226504,1,0.0,0,0.15104939821918514,2,0.0963488312628092,1,0.0,1,0.09147700872579721,1,0.09486784096679879,0,0.08560922498238423,0,0.1136665376319248,2,-0.08778908094479482
M57-Jean,LEVT-M57-Jean-PROCESS-908-20091121013232,2,2009-11-21 01:32:32+00:00,908,csrss.exe,-0.116208724625895,False,31,1.0986122886681098,0.059829275776905944,35,0.033973742426456996,35,-0.04060956904991479,35,-0.024654080661925364,1,0.17086125839469066,1,0.0,0,0.14448117835761493,18,0.023810244573959884,1,0.0,17,0.01640480086875604,1,0.19728057664568713,14,0.011757292219152378,2,-0.12304766605736055,4,0.10793289850040444
M57-Jean,LEVT-M57-Jean-PROCESS-1528-20091121013305,23,2009-11-21 01:33:05+00:00,1528,jusched.exe,-0.1163620354428939,False,32,0.0,0.07562112682229194,34,0.14322788148646046,34,0.07788716511599324,34,0.07076084076313283,1,0.16770986884396058,1,0.0,0,0.139419385358661,2,0.08997885610543094,1,0.0,1,0.08042654967288519,0,-0.3642217592435249,0,0.09010811936946994,1,0.07249628596716931,2,-0.06204486654314115
M57-Jean,LEVT-M57-Jean-PROCESS-1676-20091121013306,24,2009-11-21 01:33:06+00:00,1676,ctfmon.exe,-0.1212117633637109,False,33,0.6931471805599453,0.1406207227676188,33,0.14385200626070907,33,0.08772818468885031,33,0.1083811088096131,1,0.1712491446036535,1,0.0,0,0.13956949713417188,2,0.0798114684931816,1,0.0,1,0.08823982862805498,0,-0.3687192702321136,0,0.09428572989585068,1,0.061746300283003944,2,-0.05884957264980357
M57-Jean,LEVT-M57-Jean-PROCESS-1664-20091121013258,17,2009-11-21 01:32:58+00:00,1664,avgwdsvc.exe,-0.1222727770132078,False,34,0.0,0.1457861683248368,33,0.1776682477135461,33,0.17122910998916518,33,0.15477458247214282,1,0.16596913712945768,1,0.0,5,-0.6177032314488388,57,0.03905872841296277,1,0.0,56,0.03365836766821291,1,0.2111004421496711,48,0.06922637523717347,2,-0.03424970161828086,4,0.1948606184058114
M57-Jean,LEVT-M57-Jean-PROCESS-2132-20091121013311,27,2009-11-21 01:33:11+00:00,2132,avgemc.exe,-0.1239746368140754,False,35,1.3862943611198906,0.08794485621608895,32,0.1228783570927949,32,0.06721656454165373,32,0.07969732050759146,1,0.16813524734180438,1,0.0,1,-0.023918248421266306,7,0.011091847507674526,1,0.0,6,0.0031051948673215886,1,0.17775598484226005,3,-0.016473120469937083,1,0.0675541822295965,4,0.004142950479037143
M57-Jean,LEVT-M57-Jean-PROCESS-2028-20091121013242,15,2009-11-21 01:32:42+00:00,2028,AVGIDSAgent.exe,-0.1286433685681302,False,36,0.0,0.14691435628662602,33,0.17017307035079737,33,0.1696579034175887,33,0.14653278460545469,1,0.17259164118355694,1,0.0,0,0.16029454454243158,63,-0.043050152826015604,1,0.0,62,-0.010549780497294827,1,0.21710151143253792,58,-0.00986856262108118,3,-0.46276358292181663,4,0.19640990619785348
M57-Jean,LEVT-M57-Jean-PROCESS-3996-20091121013335,31,2009-11-21 01:33:35+00:00,3996,alg.exe,-0.1363867170326745,False,37,2.9444389791664403,-0.13150156495185036,32,0.1436909608716714,32,0.06962428194799457,32,0.1045909638989373,1,0.16416601835963116,1,0.0,0,0.15085846905426079,5,0.05556959075166936,1,0.0,4,0.05873651815830122,1,0.18843967812576903,3,0.019000973577676317,0,0.11254576981184396,3,0.09319341324518199
M57-Jean,LEVT-M57-Jean-PROCESS-2296-20091121013314,29,2009-11-21 01:33:14+00:00,2296,avgnsx.exe,-0.1397688659305001,False,38,0.6931471805599453,0.14429128093823976,32,0.12900771441833006,32,0.07648579286110124,32,0.09500788023834064,1,0.16635979458373806,1,0.0,1,-0.012027506959581902,35,0.045588490263293965,1,0.0,34,0.03479889388113398,1,0.2514368827253325,32,0.05549317223024718,0,0.06883046487805256,3,0.051272800343071655
M57-Jean,LEVT-M57-Jean-PROCESS-988-20091121013232,5,2009-11-21 01:32:32+00:00,988,lsass.exe,-0.1430919031243578,False,39,0.0,0.16774824332338278,35,0.07422488380972603,35,0.03243231872262072,35,0.02118384129471635,1,0.1795744138945458,1,0.0,0,0.1648924171277982,61,-0.011308333515844895,1,0.0,60,0.006924890950046279,1,0.22616899422602196,58,-0.005985475101001676,1,0.1270628508045041,4,0.20049860846403553
M57-Jean,LEVT-M57-Jean-PROCESS-1732-20091121013237,12,2009-11-21 01:32:37+00:00,1732,svchost.exe,-0.1446258270911565,False,40,1.0986122886681098,0.13851418994507167,32,0.06626938577014943,32,0.042748293578231907,32,0.053958258257947735,1,0.17775765812035554,1,0.0,0,0.16267703383825316,43,0.022172579683356022,1,0.0,42,0.05504280578221021,1,0.2427876856696541,40,0.03783522974488564,1,0.09829474273933884,4,0.12104673408815339
M57-Jean,LEVT-M57-Jean-PROCESS-344-20091121013301,18,2009-11-21 01:33:01+00:00,344,jqs.exe,-0.1455318819824991,False,41,1.3862943611198906,0.05960578260703177,34,0.14472292945592036,34,0.10940836881278038,34,0.08881119189438083,1,0.17322947042419037,1,0.0,0,0.15720969743879792,35,0.058771199016545976,1,0.0,34,0.06354587784280799,1,0.23319215306706242,33,0.07009757120074846,0,0.04599451131382406,3,0.03565599406104046
M57-Jean,LEVT-M57-Jean-PROCESS-1760-20091121013238,13,2009-11-21 01:32:38+00:00,1760,avgcsrvx.exe,-0.145538019371901,False,42,0.6931471805599453,0.13194672641866814,32,0.16341301308938225,32,0.09263870510471578,32,0.11353381070092476,1,0.16921363597909836,1,0.0,0,0.1611160624917185,2,0.09916761069043886,1,0.0,1,0.0981064446315461,1,0.10652945504717934,0,0.09032376368361326,0,0.11063624213288899,2,-0.09623737052809361
M57-Jean,LEVT-M57-Jean-PROCESS-2244-20091121013313,28,2009-11-21 01:33:13+00:00,2244,avgam.exe,-0.1478829551445319,False,43,1.0986122886681098,0.15656394596089515,32,0.1486138659624204,32,0.08149893010130399,32,0.11221614666851396,1,0.16988948355771108,1,0.0,0,0.15608313604011112,29,0.03373223615711033,1,0.0,28,0.023649844532667077,1,0.24957923052735942,27,0.007521866670316377,0,0.0887275495731841,3,0.06723567140733464
M57-Jean,LEVT-M57-Jean-PROCESS-1508-20091121013305,22,2009-11-21 01:33:05+00:00,1508,avgtray.exe,-0.1538313178987189,False,44,0.0,0.16188078739681577,34,0.16128181710345396,34,0.151408782131248,34,0.11573764076453137,1,0.17981856113822126,1,0.0,1,0.027364176063133776,38,0.0896382571345578,1,0.0,37,0.10263131151282955,1,0.23041230597098838,33,0.10687977816035603,2,-0.06873005779977256,4,0.17769693131867717
M57-Jean,LEVT-M57-Jean-PROCESS-1996-20091121013242,14,2009-11-21 01:32:42+00:00,1996,spoolsv.exe,-0.1596368868859688,False,45,1.6094379124341005,-0.0347825545577345,33,0.20240332461663074,33,0.19412916770663127,33,0.1793074453511799,1,0.1847328175425999,1,0.0,0,0.16679224329960735,53,0.05571260323414554,1,0.0,52,0.04904570714322152,1,0.23315500458872976,50,0.04329783282100464,1,0.13051607601496312,4,0.1709993395874456
M57-Jean,LEVT-M57-Jean-PROCESS-1752-20091121013306,25,2009-11-21 01:33:06+00:00,1752,msmsgs.exe,-0.1636836566676644,False,46,0.0,0.16248767446749354,33,0.19202363489732754,33,0.1968025179665394,33,0.17656088458809777,1,0.18605858482842455,1,0.0,0,0.16488711748443735,47,0.06438619838056107,1,0.0,46,0.07253351659158994,1,0.2409331524100264,43,0.09257621558937004,2,-0.07082180990357133,4,0.19514611672027396
M57-Jean,LEVT-M57-Jean-PROCESS-1152-20091121013234,6,2009-11-21 01:32:34+00:00,1152,svchost.exe,-0.1700091964640421,False,47,1.0986122886681098,0.12872984803292314,33,0.20654017799742402,33,0.2030241019042365,33,0.18902595927542917,1,0.18819097875251536,1,0.0,0,0.16955080685942125,51,0.07037749065897882,1,0.0,50,0.060464831584811356,1,0.23833755107501076,48,0.05554005797662982,1,0.13741929550191473,4,0.1819544561628845
