feature,shap_column,mean_absolute_shap,mean_shap,max_absolute_shap
process_changed,shap_process_changed,0.27723955298199665,0.006654392857664947,1.3522480761493008
command_line_count,shap_command_line_count,0.20689922278524409,0.029115279493151014,0.7467254447074045
child_count,shap_child_count,0.18889823656428897,0.007437476811222041,1.700900944938101
gap_log_seconds,shap_gap_log_seconds,0.14868030332344948,-0.009312256964738095,0.8393007203218257
local_density_10s,shap_local_density_10s,0.14320474054116283,0.015077201004250983,0.4312997975816316
local_density_60s,shap_local_density_60s,0.12867324169751126,-0.02226836086410177,0.4896913473879942
memory_region_count,shap_memory_region_count,0.12745505585768505,0.004341725796570426,1.0175937196590934
module_count,shap_module_count,0.11710993082842587,-0.006692734007505217,0.8060277859370265
local_density_30s,shap_local_density_30s,0.11568117142640076,-0.007710684071755106,0.4422442392609084
out_degree,shap_out_degree,0.11555087037373085,-0.013901458597610807,0.8454188909371096
graph_degree,shap_graph_degree,0.11235084217998982,-0.017210812206624296,0.8272472409455719
relationship_type_count,shap_relationship_type_count,0.10492642084449123,0.014470230749475293,0.3915096585208299
parent_count,shap_parent_count,0.0,0.0,0.0
in_degree,shap_in_degree,0.0,0.0,0.0
