case_id,logical_event_id,temporal_sequence,timestamp,process_id,process,graph_only_anomaly_rank,graph_only_anomaly_score,graph_only_predicted_anomaly,shap_parent_count,shap_child_count,shap_graph_degree,shap_in_degree,shap_out_degree,shap_command_line_count,shap_module_count,shap_memory_region_count,shap_relationship_type_count,shap_total_abs,top_graph_feature,top_graph_feature_shap
M57-Jean,LEVT-M57-Jean-PROCESS-3560-20091123221635,43,2009-11-23 22:16:35+00:00,3560,soffice.bin,1,0.1036308946789723,True,0.0,0.15126417018472507,-1.228135487670614,0.0,-1.3946086806275846,0.13213051150513883,-1.491724695450222,0.03732051548350865,0.057243404786659895,4.492427465708452,module_count,-1.491724695450222
M57-Jean,LEVT-M57-Jean-PROCESS-1944-20091121013301,20,2009-11-21 01:33:01+00:00,1944,explorer.exe,2,0.0516357016866469,True,0.0,-1.2795937334899954,-0.5013715240824748,0.0,-0.5298547439848356,0.17721076861864743,-0.5162945343621983,-0.4262229035091507,0.12785388587341062,3.558402093920713,child_count,-1.2795937334899954
M57-Jean,LEVT-M57-Jean-PROCESS-1372-20091121013235,8,2009-11-21 01:32:35+00:00,1372,svchost.exe,3,0.0490691685136838,True,0.0,0.17623965768592748,-1.0412832080977739,0.0,-1.1149393384626918,0.17634604070158247,-1.1437606810190823,-0.06791581461885265,0.10762464642957022,3.828109387015481,module_count,-1.1437606810190823
M57-Jean,LEVT-M57-Jean-PROCESS-2892-20091123220335,39,2009-11-23 22:03:35+00:00,2892,firefox.exe,4,0.0258452420934022,True,0.0,0.19122135101984836,-0.31760832501411973,0.0,-0.3451012745419056,0.21260794636843863,-0.3225578836218867,-2.110904878863016,0.1596662533720363,3.6596679128012513,memory_region_count,-2.110904878863016
M57-Jean,LEVT-M57-Jean-PROCESS-1836-20091121013308,26,2009-11-21 01:33:08+00:00,1836,AVGIDSMonitor.e,5,0.007677698279471,True,0.0,0.1580453219387283,-0.19911960184882463,0.0,-0.27220466318780645,-0.6127605013118649,0.08621078267164828,-1.0547826322897083,-0.33445511450397186,2.7175786177525527,memory_region_count,-1.0547826322897083
M57-Jean,LEVT-M57-Jean-PROCESS-1572-20091121013258,16,2009-11-21 01:32:58+00:00,1572,svchost.exe,6,-0.0051184655196473,False,0.0,0.16801300150425208,-0.17858132005641683,0.0,-0.16167085529815003,-1.3567976933237225,-0.12108977905045468,-0.04377686672083342,-0.31558060573652,2.3455101216903493,command_line_count,-1.3567976933237225
M57-Jean,LEVT-M57-Jean-PROCESS-976-20091121013232,4,2009-11-21 01:32:32+00:00,976,services.exe,7,-0.0068940157268762,False,0.0,-2.5490149659855517,0.041147267015050254,0.0,0.044117098839022255,0.26056846073545764,0.04793255776091546,0.06422131625328935,0.1124015022923531,3.1194031688816395,child_count,-2.5490149659855517
M57-Jean,LEVT-M57-Jean-PROCESS-1796-20091121013301,19,2009-11-21 01:33:01+00:00,1796,avgfws9.exe,8,-0.031506223970201,False,0.0,0.19522705147798478,-0.49255615829270044,0.0,-0.49783609530565415,0.2450484203366012,-0.6057058130660269,0.030967401914107892,-0.4158100543503073,2.4831509947433825,module_count,-0.6057058130660269
M57-Jean,LEVT-M57-Jean-PROCESS-812-20091121013230,1,2009-11-21 01:32:30+00:00,812,smss.exe,9,-0.0408525652853672,False,0.0,-0.7411799054643572,-0.15048898790784143,0.0,-0.1886762858121069,0.053521336677881594,0.021437510905431337,0.14323860736726016,-0.5069871313233096,1.8055297654581883,child_count,-0.7411799054643572
M57-Jean,LEVT-M57-Jean-PROCESS-932-20091121013232,3,2009-11-21 01:32:32+00:00,932,winlogon.exe,10,-0.0696602478936367,False,0.0,-0.6874319190699383,-0.2202399010929091,0.0,-0.1920019505086871,0.26147840368236946,-0.2663291791525164,0.015207196556192902,0.26841280431339837,1.9111013543760116,child_count,-0.6874319190699383
M57-Jean,LEVT-M57-Jean-PROCESS-1528-20091121013305,23,2009-11-21 01:33:05+00:00,1528,jusched.exe,11,-0.0910419519122492,False,0.0,0.18818283941930672,0.04746441191286747,0.0,0.011305559726411321,-0.43953077085431264,0.13822626663205972,-0.10607591638312977,-0.2329678024223922,1.1637535673504797,command_line_count,-0.43953077085431264
M57-Jean,LEVT-M57-Jean-PROCESS-1504-20091121013305,21,2009-11-21 01:33:05+00:00,1504,hkcmd.exe,12,-0.0910419519122492,False,0.0,0.18818283941930672,0.04746441191286747,0.0,0.011305559726411321,-0.43953077085431264,0.13822626663205972,-0.10607591638312977,-0.2329678024223922,1.1637535673504797,command_line_count,-0.43953077085431264
M57-Jean,LEVT-M57-Jean-PROCESS-1676-20091121013306,24,2009-11-21 01:33:06+00:00,1676,ctfmon.exe,13,-0.0910419519122492,False,0.0,0.18818283941930672,0.04746441191286747,0.0,0.011305559726411321,-0.43953077085431264,0.13822626663205972,-0.10607591638312977,-0.2329678024223922,1.1637535673504797,command_line_count,-0.43953077085431264
M57-Jean,LEVT-M57-Jean-PROCESS-1664-20091121013258,17,2009-11-21 01:32:58+00:00,1664,avgwdsvc.exe,14,-0.0910833512118695,False,0.0,-0.930713070027824,0.008978092687574444,0.0,0.0006124733072123802,0.31359009029387847,0.0240260661511806,-0.0862850435697506,0.2772419128007838,1.6414467488382045,child_count,-0.930713070027824
M57-Jean,LEVT-M57-Jean-PROCESS-2132-20091121013311,27,2009-11-21 01:33:11+00:00,2132,avgemc.exe,15,-0.0936441768000721,False,0.0,-0.06608822412104806,-0.24621249781886737,0.0,-0.15685510038779768,0.24133605137706426,-0.09811962060970841,0.007728557927326378,-0.021870765075022384,0.8382108173168346,graph_degree,-0.24621249781886737
M57-Jean,LEVT-M57-Jean-PROCESS-2028-20091121013242,15,2009-11-21 01:32:42+00:00,2028,AVGIDSAgent.exe,16,-0.1074749839834529,False,0.0,0.24941382048810068,-0.06162470184195804,0.0,-0.016307196088318387,0.3429043688476093,-0.10195523016128775,-0.7199679131326552,0.25574484889394167,1.747918079453871,memory_region_count,-0.7199679131326552
M57-Jean,LEVT-M57-Jean-PROCESS-208-20091123165519,34,2009-11-23 16:55:19+00:00,208,msimn.exe,17,-0.1112212425990127,False,0.0,0.254523084025902,-0.23627397321486485,0.0,-0.20531565390462528,0.30841756239869195,-0.39883115873680575,0.01489461678821922,0.2903491707637003,1.708605219832809,module_count,-0.39883115873680575
M57-Jean,LEVT-M57-Jean-PROCESS-1356-20091121013448,32,2009-11-21 01:34:48+00:00,1356,avgcsrvx.exe,18,-0.1170448644980071,False,0.0,0.22606464793649875,0.03631269984369145,0.0,0.0003444565896116583,-0.023929412776783683,0.08865313489490294,0.1824931600092693,-0.3572194573906148,0.9150169694413726,relationship_type_count,-0.3572194573906148
M57-Jean,LEVT-M57-Jean-PROCESS-1760-20091121013238,13,2009-11-21 01:32:38+00:00,1760,avgcsrvx.exe,19,-0.1170448644980071,False,0.0,0.22606464793649875,0.03631269984369145,0.0,0.0003444565896116583,-0.023929412776783683,0.08865313489490294,0.1824931600092693,-0.3572194573906148,0.9150169694413726,relationship_type_count,-0.3572194573906148
M57-Jean,LEVT-M57-Jean-PROCESS-3996-20091121013335,31,2009-11-21 01:33:35+00:00,3996,alg.exe,20,-0.1207891100087508,False,0.0,0.19454894325353705,-0.15498886201512713,0.0,-0.1508928860387678,0.22440853387056753,-0.038129680905033686,0.17676210360100814,-0.017807791999051154,0.9575388016830926,command_line_count,0.22440853387056753
M57-Jean,LEVT-M57-Jean-PROCESS-908-20091121013232,2,2009-11-21 01:32:32+00:00,908,csrss.exe,21,-0.1230177501430377,False,0.0,0.22568746650261565,-0.04960015094396756,0.0,-0.036869060721356664,0.33351974232404397,0.022226377829168344,-0.2881795140043853,0.07575423273859574,1.0318365450641334,command_line_count,0.33351974232404397
M57-Jean,LEVT-M57-Jean-PROCESS-1620-20091121013235,11,2009-11-21 01:32:35+00:00,1620,avgrsx.exe,22,-0.1320814027978849,False,0.0,-0.012486088707513018,-0.053477737333321146,0.0,-0.010850756472548257,0.28004340917810383,0.041513405882994396,0.18830070402156845,0.049807412020182754,0.6364795136162319,command_line_count,0.28004340917810383
M57-Jean,LEVT-M57-Jean-PROCESS-1612-20091121013235,10,2009-11-21 01:32:35+00:00,1612,avgchsvx.exe,23,-0.1393804036946022,False,0.0,0.18389567770619902,0.21080651790128685,0.0,0.19966965521247215,-0.1748791463076694,0.1675430260305921,0.21826108705692726,-0.15813235622321045,1.3131874664383572,memory_region_count,0.21826108705692726
M57-Jean,LEVT-M57-Jean-PROCESS-3196-20091123182209,38,2009-11-23 18:22:09+00:00,3196,avgsrmax.exe,24,-0.1393804036946022,False,0.0,0.18389567770619902,0.21080651790128685,0.0,0.19966965521247215,-0.1748791463076694,0.1675430260305921,0.21826108705692726,-0.15813235622321045,1.3131874664383572,memory_region_count,0.21826108705692726
M57-Jean,LEVT-M57-Jean-PROCESS-2576-20091123220845,40,2009-11-23 22:08:45+00:00,2576,iexplore.exe,25,-0.1393804036946022,False,0.0,0.18389567770619902,0.21080651790128685,0.0,0.19966965521247215,-0.1748791463076694,0.1675430260305921,0.21826108705692726,-0.15813235622321045,1.3131874664383572,memory_region_count,0.21826108705692726
M57-Jean,LEVT-M57-Jean-PROCESS-2004-20091123235245,45,2009-11-23 23:52:45+00:00,2004,avgcmgr.exe,26,-0.1393804036946022,False,0.0,0.18389567770619902,0.21080651790128685,0.0,0.19966965521247215,-0.1748791463076694,0.1675430260305921,0.21826108705692726,-0.15813235622321045,1.3131874664383572,memory_region_count,0.21826108705692726
M57-Jean,LEVT-M57-Jean-PROCESS-2308-20091123225441,44,2009-11-23 22:54:41+00:00,2308,avgcmgr.exe,27,-0.1393804036946022,False,0.0,0.18389567770619902,0.21080651790128685,0.0,0.19966965521247215,-0.1748791463076694,0.1675430260305921,0.21826108705692726,-0.15813235622321045,1.3131874664383572,memory_region_count,0.21826108705692726
M57-Jean,LEVT-M57-Jean-PROCESS-4028-20091123171439,37,2009-11-23 17:14:39+00:00,4028,iexplore.exe,28,-0.1393804036946022,False,0.0,0.18389567770619902,0.21080651790128685,0.0,0.19966965521247215,-0.1748791463076694,0.1675430260305921,0.21826108705692726,-0.15813235622321045,1.3131874664383572,memory_region_count,0.21826108705692726
M57-Jean,LEVT-M57-Jean-PROCESS-3992-20091123170451,36,2009-11-23 17:04:51+00:00,3992,iexplore.exe,29,-0.1393804036946022,False,0.0,0.18389567770619902,0.21080651790128685,0.0,0.19966965521247215,-0.1748791463076694,0.1675430260305921,0.21826108705692726,-0.15813235622321045,1.3131874664383572,memory_region_count,0.21826108705692726
M57-Jean,LEVT-M57-Jean-PROCESS-2488-20091121013317,30,2009-11-21 01:33:17+00:00,2488,avgcsrvx.exe,30,-0.1393804036946022,False,0.0,0.18389567770619902,0.21080651790128685,0.0,0.19966965521247215,-0.1748791463076694,0.1675430260305921,0.21826108705692726,-0.15813235622321045,1.3131874664383572,memory_region_count,0.21826108705692726
M57-Jean,LEVT-M57-Jean-PROCESS-2840-20091123170451,35,2009-11-23 17:04:51+00:00,2840,iexplore.exe,31,-0.1393804036946022,False,0.0,0.18389567770619902,0.21080651790128685,0.0,0.19966965521247215,-0.1748791463076694,0.1675430260305921,0.21826108705692726,-0.15813235622321045,1.3131874664383572,memory_region_count,0.21826108705692726
M57-Jean,LEVT-M57-Jean-PROCESS-1204-20091123165512,33,2009-11-23 16:55:12+00:00,1204,iexplore.exe,32,-0.1393804036946022,False,0.0,0.18389567770619902,0.21080651790128685,0.0,0.19966965521247215,-0.1748791463076694,0.1675430260305921,0.21826108705692726,-0.15813235622321045,1.3131874664383572,memory_region_count,0.21826108705692726
M57-Jean,LEVT-M57-Jean-PROCESS-2296-20091121013314,29,2009-11-21 01:33:14+00:00,2296,avgnsx.exe,33,-0.1420479687914403,False,0.0,-0.03795372674814209,0.06405434866389884,0.0,0.11833663618555523,0.37227298847059176,0.09023030008811249,0.14241839145184543,-0.041454752384388026,0.8667211439925339,command_line_count,0.37227298847059176
M57-Jean,LEVT-M57-Jean-PROCESS-1508-20091121013305,22,2009-11-21 01:33:05+00:00,1508,avgtray.exe,34,-0.1423183301860312,False,0.0,-0.06757323599738245,0.09661173110891538,0.0,0.1355893376312952,0.3908762616625242,0.13222089907709703,-0.19975314073575653,0.22610926167122297,1.2487338678841937,command_line_count,0.3908762616625242
M57-Jean,LEVT-M57-Jean-PROCESS-620-20091123235925,46,2009-11-23 23:59:25+00:00,620,cmd.exe,35,-0.1458255950985478,False,0.0,-0.001734761401418359,0.052293636021584856,0.0,0.08849789717565987,0.3460628624744918,0.09345288439917819,0.18017632579059326,0.035814176707967736,0.7980325439708941,command_line_count,0.3460628624744918
M57-Jean,LEVT-M57-Jean-PROCESS-2080-20091123221633,41,2009-11-23 22:16:33+00:00,2080,swriter.exe,36,-0.1489192171141277,False,0.0,0.015613752566170404,0.04531484092913381,0.0,0.09614891529857807,0.31547185060321503,0.122758680067661,0.1901104523139984,0.08068230556947528,0.866100797348232,command_line_count,0.31547185060321503
M57-Jean,LEVT-M57-Jean-PROCESS-988-20091121013232,5,2009-11-21 01:32:32+00:00,988,lsass.exe,37,-0.1491737360927474,False,0.0,0.2697304753866995,-0.04194129072604822,0.0,-0.036566195737402794,0.3719999909860473,-0.11195588887560888,0.12388404682979715,0.29685833266466843,1.2529362212062722,command_line_count,0.3719999909860473
M57-Jean,LEVT-M57-Jean-PROCESS-2992-20091124000124,47,2009-11-24 00:01:24+00:00,2992,mdd_1.3.exe,38,-0.1499329784066485,False,0.0,0.17015171133128532,-0.007565789837855547,0.0,0.07266422725282502,0.31601351719886406,0.11917568311571007,0.17613787383813656,0.043079106539130545,0.9047879091138069,command_line_count,0.31601351719886406
M57-Jean,LEVT-M57-Jean-PROCESS-2244-20091121013313,28,2009-11-21 01:33:13+00:00,2244,avgam.exe,39,-0.1519818639579991,False,0.0,0.20032069862761046,0.02404105417786453,0.0,0.0846088145626521,0.36938744907080645,0.11755423577434179,0.15369941005048465,-0.012175892206686436,0.9617875544704465,command_line_count,0.36938744907080645
M57-Jean,LEVT-M57-Jean-PROCESS-3908-20091123221634,42,2009-11-23 22:16:34+00:00,3908,soffice.exe,40,-0.1529903124124946,False,0.0,0.012877495393769253,0.08006251882748672,0.0,0.12219595401631818,0.31714587255322035,0.15328053124126353,0.1915864999827485,0.08388868402018265,0.9610375560349892,command_line_count,0.31714587255322035
M57-Jean,LEVT-M57-Jean-PROCESS-344-20091121013301,18,2009-11-21 01:33:01+00:00,344,jqs.exe,41,-0.1534073451646507,False,0.0,0.21615560433797654,0.07561617447308991,0.0,0.12459615629381131,0.383347858307317,0.10042068356110474,0.13518504588546912,-0.06450721969971435,1.099828742558483,command_line_count,0.383347858307317
M57-Jean,LEVT-M57-Jean-PROCESS-1752-20091121013306,25,2009-11-21 01:33:06+00:00,1752,msmsgs.exe,42,-0.1614282626975495,False,0.0,0.2696812061228405,0.10122377918299455,0.0,0.1422078445039107,0.40534414532465496,0.10147637577191697,-0.151009914574446,0.2918356445782809,1.4627789100590447,command_line_count,0.40534414532465496
M57-Jean,LEVT-M57-Jean-PROCESS-1996-20091121013242,14,2009-11-21 01:32:42+00:00,1996,spoolsv.exe,43,-0.1676963337587107,False,0.0,0.27405962494711184,0.07800317453754602,0.0,0.07679262293925507,0.391002040179854,0.02553976867166701,0.1509446220480284,0.3154346206801028,1.3117764740035651,command_line_count,0.391002040179854
M57-Jean,LEVT-M57-Jean-PROCESS-1152-20091121013234,6,2009-11-21 01:32:34+00:00,1152,svchost.exe,44,-0.1721591474219398,False,0.0,0.27417921460048256,0.0937653105398216,0.0,0.11224109444170483,0.3991169200571287,0.06737755479345663,0.15011587954370526,0.323926793503382,1.4207227674796816,command_line_count,0.3991169200571287
M57-Jean,LEVT-M57-Jean-PROCESS-1432-20091121013235,9,2009-11-21 01:32:35+00:00,1432,svchost.exe,45,-0.1741690578092812,False,0.0,0.2603870592634754,0.12532863250648202,0.0,0.15611281178115466,0.4179269351211419,0.14966129623969557,0.12415416503840848,0.23661261251643365,1.4701835124667917,command_line_count,0.4179269351211419
M57-Jean,LEVT-M57-Jean-PROCESS-1732-20091121013237,12,2009-11-21 01:32:37+00:00,1732,svchost.exe,46,-0.1783172301588412,False,0.0,0.2709350498330125,0.1500727659641287,0.0,0.16586813988295473,0.4164561858532543,0.12315508761558923,0.14427404548162903,0.30229118641246355,1.5730524610430319,command_line_count,0.4164561858532543
M57-Jean,LEVT-M57-Jean-PROCESS-1248-20091121013234,7,2009-11-21 01:32:34+00:00,1248,svchost.exe,47,-0.1787323673982345,False,0.0,0.2706778544564892,0.15068976276933402,0.0,0.16426807709289984,0.4177004953590013,0.1425483282541314,0.143325160888179,0.2941967649893106,1.583406443809345,command_line_count,0.4177004953590013
