timeline_sequence,case_id,event_id,timestamp,timestamp_end,timestamp_confidence,source,artifact_type,event_type,action,user,host,process,parent_process,process_id,parent_process_id,command_line,file,file_path,file_hash,device,ip_src,ip_dst,port_src,port_dst,protocol,parent_event_id,related_event_id,relationship,evidence_id,provenance
1,M57-Jean,EVT-M57-Jean-PARENT-1,2009-11-21 01:32:30+00:00,,observed,memory,pstree,process_relationship,parent_of,,,smss.exe,,812,4.0,,,,,,,,,,,,,parent_of,M57-Jean-MEM-PSTREE-1,Volatility 3 windows.pstree from M57-Jean memory image
2,M57-Jean,EVT-M57-Jean-PROCESS-1,2009-11-21 01:32:30+00:00,,observed,memory,pslist,process,process_start,,,smss.exe,,812,4.0,,,,,,,,,,,,,,M57-Jean-MEM-PSLIST-1,Volatility 3 windows.pslist from M57-Jean memory image
3,M57-Jean,EVT-M57-Jean-PARENT-2,2009-11-21 01:32:32+00:00,,observed,memory,pstree,process_relationship,parent_of,,,winlogon.exe,,932,812.0,,,,,,,,,,,,,parent_of,M57-Jean-MEM-PSTREE-2,Volatility 3 windows.pstree from M57-Jean memory image
4,M57-Jean,EVT-M57-Jean-PARENT-24,2009-11-21 01:32:32+00:00,,observed,memory,pstree,process_relationship,parent_of,,,lsass.exe,,988,932.0,,,,,,,,,,,,,parent_of,M57-Jean-MEM-PSTREE-24,Volatility 3 windows.pstree from M57-Jean memory image
5,M57-Jean,EVT-M57-Jean-PARENT-28,2009-11-21 01:32:32+00:00,,observed,memory,pstree,process_relationship,parent_of,,,csrss.exe,,908,812.0,,,,,,,,,,,,,parent_of,M57-Jean-MEM-PSTREE-28,Volatility 3 windows.pstree from M57-Jean memory image
6,M57-Jean,EVT-M57-Jean-PARENT-3,2009-11-21 01:32:32+00:00,,observed,memory,pstree,process_relationship,parent_of,,,services.exe,,976,932.0,,,,,,,,,,,,,parent_of,M57-Jean-MEM-PSTREE-3,Volatility 3 windows.pstree from M57-Jean memory image
7,M57-Jean,EVT-M57-Jean-PROCESS-2,2009-11-21 01:32:32+00:00,,observed,memory,pslist,process,process_start,,,csrss.exe,,908,812.0,,,,,,,,,,,,,,M57-Jean-MEM-PSLIST-2,Volatility 3 windows.pslist from M57-Jean memory image
8,M57-Jean,EVT-M57-Jean-PROCESS-3,2009-11-21 01:32:32+00:00,,observed,memory,pslist,process,process_start,,,winlogon.exe,,932,812.0,,,,,,,,,,,,,,M57-Jean-MEM-PSLIST-3,Volatility 3 windows.pslist from M57-Jean memory image
9,M57-Jean,EVT-M57-Jean-PROCESS-4,2009-11-21 01:32:32+00:00,,observed,memory,pslist,process,process_start,,,services.exe,,976,932.0,,,,,,,,,,,,,,M57-Jean-MEM-PSLIST-4,Volatility 3 windows.pslist from M57-Jean memory image
10,M57-Jean,EVT-M57-Jean-PROCESS-5,2009-11-21 01:32:32+00:00,,observed,memory,pslist,process,process_start,,,lsass.exe,,988,932.0,,,,,,,,,,,,,,M57-Jean-MEM-PSLIST-5,Volatility 3 windows.pslist from M57-Jean memory image
11,M57-Jean,EVT-M57-Jean-PARENT-4,2009-11-21 01:32:34+00:00,,observed,memory,pstree,process_relationship,parent_of,,,svchost.exe,,1152,976.0,,,,,,,,,,,,,parent_of,M57-Jean-MEM-PSTREE-4,Volatility 3 windows.pstree from M57-Jean memory image
12,M57-Jean,EVT-M57-Jean-PARENT-5,2009-11-21 01:32:34+00:00,,observed,memory,pstree,process_relationship,parent_of,,,svchost.exe,,1248,976.0,,,,,,,,,,,,,parent_of,M57-Jean-MEM-PSTREE-5,Volatility 3 windows.pstree from M57-Jean memory image
13,M57-Jean,EVT-M57-Jean-PROCESS-6,2009-11-21 01:32:34+00:00,,observed,memory,pslist,process,process_start,,,svchost.exe,,1152,976.0,,,,,,,,,,,,,,M57-Jean-MEM-PSLIST-6,Volatility 3 windows.pslist from M57-Jean memory image
14,M57-Jean,EVT-M57-Jean-PROCESS-7,2009-11-21 01:32:34+00:00,,observed,memory,pslist,process,process_start,,,svchost.exe,,1248,976.0,,,,,,,,,,,,,,M57-Jean-MEM-PSLIST-7,Volatility 3 windows.pslist from M57-Jean memory image
15,M57-Jean,EVT-M57-Jean-PARENT-22,2009-11-21 01:32:35+00:00,,observed,memory,pstree,process_relationship,parent_of,,,svchost.exe,,1432,976.0,,,,,,,,,,,,,parent_of,M57-Jean-MEM-PSTREE-22,Volatility 3 windows.pstree from M57-Jean memory image
16,M57-Jean,EVT-M57-Jean-PARENT-23,2009-11-21 01:32:35+00:00,,observed,memory,pstree,process_relationship,parent_of,,,svchost.exe,,1372,976.0,,,,,,,,,,,,,parent_of,M57-Jean-MEM-PSTREE-23,Volatility 3 windows.pstree from M57-Jean memory image
17,M57-Jean,EVT-M57-Jean-PARENT-25,2009-11-21 01:32:35+00:00,,observed,memory,pstree,process_relationship,parent_of,,,avgrsx.exe,,1620,932.0,,,,,,,,,,,,,parent_of,M57-Jean-MEM-PSTREE-25,Volatility 3 windows.pstree from M57-Jean memory image
18,M57-Jean,EVT-M57-Jean-PARENT-27,2009-11-21 01:32:35+00:00,,observed,memory,pstree,process_relationship,parent_of,,,avgchsvx.exe,,1612,932.0,,,,,,,,,,,,,parent_of,M57-Jean-MEM-PSTREE-27,Volatility 3 windows.pstree from M57-Jean memory image
19,M57-Jean,EVT-M57-Jean-PROCESS-10,2009-11-21 01:32:35+00:00,,observed,memory,pslist,process,process_start,,,avgchsvx.exe,,1612,932.0,,,,,,,,,,,,,,M57-Jean-MEM-PSLIST-10,Volatility 3 windows.pslist from M57-Jean memory image
20,M57-Jean,EVT-M57-Jean-PROCESS-11,2009-11-21 01:32:35+00:00,,observed,memory,pslist,process,process_start,,,avgrsx.exe,,1620,932.0,,,,,,,,,,,,,,M57-Jean-MEM-PSLIST-11,Volatility 3 windows.pslist from M57-Jean memory image
21,M57-Jean,EVT-M57-Jean-PROCESS-8,2009-11-21 01:32:35+00:00,,observed,memory,pslist,process,process_start,,,svchost.exe,,1372,976.0,,,,,,,,,,,,,,M57-Jean-MEM-PSLIST-8,Volatility 3 windows.pslist from M57-Jean memory image
22,M57-Jean,EVT-M57-Jean-PROCESS-9,2009-11-21 01:32:35+00:00,,observed,memory,pslist,process,process_start,,,svchost.exe,,1432,976.0,,,,,,,,,,,,,,M57-Jean-MEM-PSLIST-9,Volatility 3 windows.pslist from M57-Jean memory image
23,M57-Jean,EVT-M57-Jean-PARENT-14,2009-11-21 01:32:37+00:00,,observed,memory,pstree,process_relationship,parent_of,,,svchost.exe,,1732,976.0,,,,,,,,,,,,,parent_of,M57-Jean-MEM-PSTREE-14,Volatility 3 windows.pstree from M57-Jean memory image
24,M57-Jean,EVT-M57-Jean-PROCESS-12,2009-11-21 01:32:37+00:00,,observed,memory,pslist,process,process_start,,,svchost.exe,,1732,976.0,,,,,,,,,,,,,,M57-Jean-MEM-PSLIST-12,Volatility 3 windows.pslist from M57-Jean memory image
25,M57-Jean,EVT-M57-Jean-PARENT-26,2009-11-21 01:32:38+00:00,,observed,memory,pstree,process_relationship,parent_of,,,avgcsrvx.exe,,1760,1620.0,,,,,,,,,,,,,parent_of,M57-Jean-MEM-PSTREE-26,Volatility 3 windows.pstree from M57-Jean memory image
26,M57-Jean,EVT-M57-Jean-PROCESS-13,2009-11-21 01:32:38+00:00,,observed,memory,pslist,process,process_start,,,avgcsrvx.exe,,1760,1620.0,,,,,,,,,,,,,,M57-Jean-MEM-PSLIST-13,Volatility 3 windows.pslist from M57-Jean memory image
27,M57-Jean,EVT-M57-Jean-PARENT-18,2009-11-21 01:32:42+00:00,,observed,memory,pstree,process_relationship,parent_of,,,spoolsv.exe,,1996,976.0,,,,,,,,,,,,,parent_of,M57-Jean-MEM-PSTREE-18,Volatility 3 windows.pstree from M57-Jean memory image
28,M57-Jean,EVT-M57-Jean-PARENT-19,2009-11-21 01:32:42+00:00,,observed,memory,pstree,process_relationship,parent_of,,,AVGIDSAgent.exe,,2028,976.0,,,,,,,,,,,,,parent_of,M57-Jean-MEM-PSTREE-19,Volatility 3 windows.pstree from M57-Jean memory image
29,M57-Jean,EVT-M57-Jean-PROCESS-14,2009-11-21 01:32:42+00:00,,observed,memory,pslist,process,process_start,,,spoolsv.exe,,1996,976.0,,,,,,,,,,,,,,M57-Jean-MEM-PSLIST-14,Volatility 3 windows.pslist from M57-Jean memory image
30,M57-Jean,EVT-M57-Jean-PROCESS-15,2009-11-21 01:32:42+00:00,,observed,memory,pslist,process,process_start,,,AVGIDSAgent.exe,,2028,976.0,,,,,,,,,,,,,,M57-Jean-MEM-PSLIST-15,Volatility 3 windows.pslist from M57-Jean memory image
31,M57-Jean,EVT-M57-Jean-PARENT-15,2009-11-21 01:32:58+00:00,,observed,memory,pstree,process_relationship,parent_of,,,svchost.exe,,1572,976.0,,,,,,,,,,,,,parent_of,M57-Jean-MEM-PSTREE-15,Volatility 3 windows.pstree from M57-Jean memory image
32,M57-Jean,EVT-M57-Jean-PARENT-6,2009-11-21 01:32:58+00:00,,observed,memory,pstree,process_relationship,parent_of,,,avgwdsvc.exe,,1664,976.0,,,,,,,,,,,,,parent_of,M57-Jean-MEM-PSTREE-6,Volatility 3 windows.pstree from M57-Jean memory image
33,M57-Jean,EVT-M57-Jean-PROCESS-16,2009-11-21 01:32:58+00:00,,observed,memory,pslist,process,process_start,,,svchost.exe,,1572,976.0,,,,,,,,,,,,,,M57-Jean-MEM-PSLIST-16,Volatility 3 windows.pslist from M57-Jean memory image
34,M57-Jean,EVT-M57-Jean-PROCESS-17,2009-11-21 01:32:58+00:00,,observed,memory,pslist,process,process_start,,,avgwdsvc.exe,,1664,976.0,,,,,,,,,,,,,,M57-Jean-MEM-PSLIST-17,Volatility 3 windows.pslist from M57-Jean memory image
35,M57-Jean,EVT-M57-Jean-PARENT-13,2009-11-21 01:33:01+00:00,,observed,memory,pstree,process_relationship,parent_of,,,jqs.exe,,344,976.0,,,,,,,,,,,,,parent_of,M57-Jean-MEM-PSTREE-13,Volatility 3 windows.pstree from M57-Jean memory image
36,M57-Jean,EVT-M57-Jean-PARENT-16,2009-11-21 01:33:01+00:00,,observed,memory,pstree,process_relationship,parent_of,,,avgfws9.exe,,1796,976.0,,,,,,,,,,,,,parent_of,M57-Jean-MEM-PSTREE-16,Volatility 3 windows.pstree from M57-Jean memory image
37,M57-Jean,EVT-M57-Jean-PARENT-29,2009-11-21 01:33:01+00:00,,observed,memory,pstree,process_relationship,parent_of,,,explorer.exe,,1944,1972.0,,,,,,,,,,,,,parent_of,M57-Jean-MEM-PSTREE-29,Volatility 3 windows.pstree from M57-Jean memory image
38,M57-Jean,EVT-M57-Jean-PROCESS-18,2009-11-21 01:33:01+00:00,,observed,memory,pslist,process,process_start,,,avgfws9.exe,,1796,976.0,,,,,,,,,,,,,,M57-Jean-MEM-PSLIST-18,Volatility 3 windows.pslist from M57-Jean memory image
39,M57-Jean,EVT-M57-Jean-PROCESS-19,2009-11-21 01:33:01+00:00,,observed,memory,pslist,process,process_start,,,jqs.exe,,344,976.0,,,,,,,,,,,,,,M57-Jean-MEM-PSLIST-19,Volatility 3 windows.pslist from M57-Jean memory image
40,M57-Jean,EVT-M57-Jean-PROCESS-20,2009-11-21 01:33:01+00:00,,observed,memory,pslist,process,process_start,,,explorer.exe,,1944,1972.0,,,,,,,,,,,,,,M57-Jean-MEM-PSLIST-20,Volatility 3 windows.pslist from M57-Jean memory image
41,M57-Jean,EVT-M57-Jean-PARENT-30,2009-11-21 01:33:05+00:00,,observed,memory,pstree,process_relationship,parent_of,,,hkcmd.exe,,1504,1944.0,,,,,,,,,,,,,parent_of,M57-Jean-MEM-PSTREE-30,Volatility 3 windows.pstree from M57-Jean memory image
42,M57-Jean,EVT-M57-Jean-PARENT-34,2009-11-21 01:33:05+00:00,,observed,memory,pstree,process_relationship,parent_of,,,avgtray.exe,,1508,1944.0,,,,,,,,,,,,,parent_of,M57-Jean-MEM-PSTREE-34,Volatility 3 windows.pstree from M57-Jean memory image
43,M57-Jean,EVT-M57-Jean-PARENT-42,2009-11-21 01:33:05+00:00,,observed,memory,pstree,process_relationship,parent_of,,,jusched.exe,,1528,1944.0,,,,,,,,,,,,,parent_of,M57-Jean-MEM-PSTREE-42,Volatility 3 windows.pstree from M57-Jean memory image
44,M57-Jean,EVT-M57-Jean-PROCESS-21,2009-11-21 01:33:05+00:00,,observed,memory,pslist,process,process_start,,,hkcmd.exe,,1504,1944.0,,,,,,,,,,,,,,M57-Jean-MEM-PSLIST-21,Volatility 3 windows.pslist from M57-Jean memory image
45,M57-Jean,EVT-M57-Jean-PROCESS-22,2009-11-21 01:33:05+00:00,,observed,memory,pslist,process,process_start,,,avgtray.exe,,1508,1944.0,,,,,,,,,,,,,,M57-Jean-MEM-PSLIST-22,Volatility 3 windows.pslist from M57-Jean memory image
46,M57-Jean,EVT-M57-Jean-PROCESS-23,2009-11-21 01:33:05+00:00,,observed,memory,pslist,process,process_start,,,jusched.exe,,1528,1944.0,,,,,,,,,,,,,,M57-Jean-MEM-PSLIST-23,Volatility 3 windows.pslist from M57-Jean memory image
47,M57-Jean,EVT-M57-Jean-PARENT-36,2009-11-21 01:33:06+00:00,,observed,memory,pstree,process_relationship,parent_of,,,ctfmon.exe,,1676,1944.0,,,,,,,,,,,,,parent_of,M57-Jean-MEM-PSTREE-36,Volatility 3 windows.pstree from M57-Jean memory image
48,M57-Jean,EVT-M57-Jean-PARENT-40,2009-11-21 01:33:06+00:00,,observed,memory,pstree,process_relationship,parent_of,,,msmsgs.exe,,1752,1944.0,,,,,,,,,,,,,parent_of,M57-Jean-MEM-PSTREE-40,Volatility 3 windows.pstree from M57-Jean memory image
49,M57-Jean,EVT-M57-Jean-PROCESS-24,2009-11-21 01:33:06+00:00,,observed,memory,pslist,process,process_start,,,ctfmon.exe,,1676,1944.0,,,,,,,,,,,,,,M57-Jean-MEM-PSLIST-24,Volatility 3 windows.pslist from M57-Jean memory image
50,M57-Jean,EVT-M57-Jean-PROCESS-25,2009-11-21 01:33:06+00:00,,observed,memory,pslist,process,process_start,,,msmsgs.exe,,1752,1944.0,,,,,,,,,,,,,,M57-Jean-MEM-PSLIST-25,Volatility 3 windows.pslist from M57-Jean memory image
51,M57-Jean,EVT-M57-Jean-PARENT-35,2009-11-21 01:33:08+00:00,,observed,memory,pstree,process_relationship,parent_of,,,AVGIDSMonitor.e,,1836,1508.0,,,,,,,,,,,,,parent_of,M57-Jean-MEM-PSTREE-35,Volatility 3 windows.pstree from M57-Jean memory image
52,M57-Jean,EVT-M57-Jean-PROCESS-26,2009-11-21 01:33:08+00:00,,observed,memory,pslist,process,process_start,,,AVGIDSMonitor.e,,1836,1508.0,,,,,,,,,,,,,,M57-Jean-MEM-PSLIST-26,Volatility 3 windows.pslist from M57-Jean memory image
53,M57-Jean,EVT-M57-Jean-PARENT-20,2009-11-21 01:33:11+00:00,,observed,memory,pstree,process_relationship,parent_of,,,avgemc.exe,,2132,976.0,,,,,,,,,,,,,parent_of,M57-Jean-MEM-PSTREE-20,Volatility 3 windows.pstree from M57-Jean memory image
54,M57-Jean,EVT-M57-Jean-PROCESS-27,2009-11-21 01:33:11+00:00,,observed,memory,pslist,process,process_start,,,avgemc.exe,,2132,976.0,,,,,,,,,,,,,,M57-Jean-MEM-PSLIST-27,Volatility 3 windows.pslist from M57-Jean memory image
55,M57-Jean,EVT-M57-Jean-PARENT-8,2009-11-21 01:33:13+00:00,,observed,memory,pstree,process_relationship,parent_of,,,avgam.exe,,2244,1664.0,,,,,,,,,,,,,parent_of,M57-Jean-MEM-PSTREE-8,Volatility 3 windows.pstree from M57-Jean memory image
56,M57-Jean,EVT-M57-Jean-PROCESS-28,2009-11-21 01:33:13+00:00,,observed,memory,pslist,process,process_start,,,avgam.exe,,2244,1664.0,,,,,,,,,,,,,,M57-Jean-MEM-PSLIST-28,Volatility 3 windows.pslist from M57-Jean memory image
57,M57-Jean,EVT-M57-Jean-PARENT-10,2009-11-21 01:33:14+00:00,,observed,memory,pstree,process_relationship,parent_of,,,avgnsx.exe,,2296,1664.0,,,,,,,,,,,,,parent_of,M57-Jean-MEM-PSTREE-10,Volatility 3 windows.pstree from M57-Jean memory image
58,M57-Jean,EVT-M57-Jean-PROCESS-29,2009-11-21 01:33:14+00:00,,observed,memory,pslist,process,process_start,,,avgnsx.exe,,2296,1664.0,,,,,,,,,,,,,,M57-Jean-MEM-PSLIST-29,Volatility 3 windows.pslist from M57-Jean memory image
59,M57-Jean,EVT-M57-Jean-PARENT-21,2009-11-21 01:33:17+00:00,,observed,memory,pstree,process_relationship,parent_of,,,avgcsrvx.exe,,2488,2132.0,,,,,,,,,,,,,parent_of,M57-Jean-MEM-PSTREE-21,Volatility 3 windows.pstree from M57-Jean memory image
60,M57-Jean,EVT-M57-Jean-PROCESS-30,2009-11-21 01:33:17+00:00,,observed,memory,pslist,process,process_start,,,avgcsrvx.exe,,2488,2132.0,,,,,,,,,,,,,,M57-Jean-MEM-PSLIST-30,Volatility 3 windows.pslist from M57-Jean memory image
61,M57-Jean,EVT-M57-Jean-PARENT-17,2009-11-21 01:33:35+00:00,,observed,memory,pstree,process_relationship,parent_of,,,alg.exe,,3996,976.0,,,,,,,,,,,,,parent_of,M57-Jean-MEM-PSTREE-17,Volatility 3 windows.pstree from M57-Jean memory image
62,M57-Jean,EVT-M57-Jean-PROCESS-31,2009-11-21 01:33:35+00:00,,observed,memory,pslist,process,process_start,,,alg.exe,,3996,976.0,,,,,,,,,,,,,,M57-Jean-MEM-PSLIST-31,Volatility 3 windows.pslist from M57-Jean memory image
63,M57-Jean,EVT-M57-Jean-PARENT-11,2009-11-21 01:34:48+00:00,,observed,memory,pstree,process_relationship,parent_of,,,avgcsrvx.exe,,1356,2296.0,,,,,,,,,,,,,parent_of,M57-Jean-MEM-PSTREE-11,Volatility 3 windows.pstree from M57-Jean memory image
64,M57-Jean,EVT-M57-Jean-PROCESS-32,2009-11-21 01:34:48+00:00,,observed,memory,pslist,process,process_start,,,avgcsrvx.exe,,1356,2296.0,,,,,,,,,,,,,,M57-Jean-MEM-PSLIST-32,Volatility 3 windows.pslist from M57-Jean memory image
65,M57-Jean,EVT-M57-Jean-PARENT-43,2009-11-23 16:55:12+00:00,,observed,memory,pstree,process_relationship,parent_of,,,iexplore.exe,,1204,3180.0,,,,,,,,,,,,,parent_of,M57-Jean-MEM-PSTREE-43,Volatility 3 windows.pstree from M57-Jean memory image
66,M57-Jean,EVT-M57-Jean-PROCESS-33,2009-11-23 16:55:12+00:00,,observed,memory,pslist,process,process_start,,,iexplore.exe,,1204,3180.0,,,,,,,,,,,,,,M57-Jean-MEM-PSLIST-33,Volatility 3 windows.pslist from M57-Jean memory image
67,M57-Jean,EVT-M57-Jean-PARENT-41,2009-11-23 16:55:19+00:00,,observed,memory,pstree,process_relationship,parent_of,,,msimn.exe,,208,1944.0,,,,,,,,,,,,,parent_of,M57-Jean-MEM-PSTREE-41,Volatility 3 windows.pstree from M57-Jean memory image
68,M57-Jean,EVT-M57-Jean-PROCESS-34,2009-11-23 16:55:19+00:00,,observed,memory,pslist,process,process_start,,,msimn.exe,,208,1944.0,,,,,,,,,,,,,,M57-Jean-MEM-PSLIST-34,Volatility 3 windows.pslist from M57-Jean memory image
69,M57-Jean,EVT-M57-Jean-PARENT-44,2009-11-23 17:04:51+00:00,,observed,memory,pstree,process_relationship,parent_of,,,iexplore.exe,,3992,3180.0,,,,,,,,,,,,,parent_of,M57-Jean-MEM-PSTREE-44,Volatility 3 windows.pstree from M57-Jean memory image
70,M57-Jean,EVT-M57-Jean-PARENT-45,2009-11-23 17:04:51+00:00,,observed,memory,pstree,process_relationship,parent_of,,,iexplore.exe,,2840,3180.0,,,,,,,,,,,,,parent_of,M57-Jean-MEM-PSTREE-45,Volatility 3 windows.pstree from M57-Jean memory image
71,M57-Jean,EVT-M57-Jean-PROCESS-35,2009-11-23 17:04:51+00:00,,observed,memory,pslist,process,process_start,,,iexplore.exe,,3992,3180.0,,,,,,,,,,,,,,M57-Jean-MEM-PSLIST-35,Volatility 3 windows.pslist from M57-Jean memory image
72,M57-Jean,EVT-M57-Jean-PROCESS-36,2009-11-23 17:04:51+00:00,,observed,memory,pslist,process,process_start,,,iexplore.exe,,2840,3180.0,,,,,,,,,,,,,,M57-Jean-MEM-PSLIST-36,Volatility 3 windows.pslist from M57-Jean memory image
73,M57-Jean,EVT-M57-Jean-PARENT-46,2009-11-23 17:14:39+00:00,,observed,memory,pstree,process_relationship,parent_of,,,iexplore.exe,,4028,3180.0,,,,,,,,,,,,,parent_of,M57-Jean-MEM-PSTREE-46,Volatility 3 windows.pstree from M57-Jean memory image
74,M57-Jean,EVT-M57-Jean-PROCESS-37,2009-11-23 17:14:39+00:00,,observed,memory,pslist,process,process_start,,,iexplore.exe,,4028,3180.0,,,,,,,,,,,,,,M57-Jean-MEM-PSLIST-37,Volatility 3 windows.pslist from M57-Jean memory image
75,M57-Jean,EVT-M57-Jean-PARENT-12,2009-11-23 18:22:09+00:00,,observed,memory,pstree,process_relationship,parent_of,,,avgsrmax.exe,,3196,1664.0,,,,,,,,,,,,,parent_of,M57-Jean-MEM-PSTREE-12,Volatility 3 windows.pstree from M57-Jean memory image
76,M57-Jean,EVT-M57-Jean-PROCESS-38,2009-11-23 18:22:09+00:00,,observed,memory,pslist,process,process_start,,,avgsrmax.exe,,3196,1664.0,,,,,,,,,,,,,,M57-Jean-MEM-PSLIST-38,Volatility 3 windows.pslist from M57-Jean memory image
77,M57-Jean,EVT-M57-Jean-PARENT-37,2009-11-23 22:03:35+00:00,,observed,memory,pstree,process_relationship,parent_of,,,firefox.exe,,2892,1944.0,,,,,,,,,,,,,parent_of,M57-Jean-MEM-PSTREE-37,Volatility 3 windows.pstree from M57-Jean memory image
78,M57-Jean,EVT-M57-Jean-PROCESS-39,2009-11-23 22:03:35+00:00,,observed,memory,pslist,process,process_start,,,firefox.exe,,2892,1944.0,,,,,,,,,,,,,,M57-Jean-MEM-PSLIST-39,Volatility 3 windows.pslist from M57-Jean memory image
79,M57-Jean,EVT-M57-Jean-PARENT-47,2009-11-23 22:08:45+00:00,,observed,memory,pstree,process_relationship,parent_of,,,iexplore.exe,,2576,176.0,,,,,,,,,,,,,parent_of,M57-Jean-MEM-PSTREE-47,Volatility 3 windows.pstree from M57-Jean memory image
80,M57-Jean,EVT-M57-Jean-PROCESS-40,2009-11-23 22:08:45+00:00,,observed,memory,pslist,process,process_start,,,iexplore.exe,,2576,176.0,,,,,,,,,,,,,,M57-Jean-MEM-PSLIST-40,Volatility 3 windows.pslist from M57-Jean memory image
81,M57-Jean,EVT-M57-Jean-PARENT-31,2009-11-23 22:16:33+00:00,,observed,memory,pstree,process_relationship,parent_of,,,swriter.exe,,2080,1944.0,,,,,,,,,,,,,parent_of,M57-Jean-MEM-PSTREE-31,Volatility 3 windows.pstree from M57-Jean memory image
82,M57-Jean,EVT-M57-Jean-PROCESS-41,2009-11-23 22:16:33+00:00,,observed,memory,pslist,process,process_start,,,swriter.exe,,2080,1944.0,,,,,,,,,,,,,,M57-Jean-MEM-PSLIST-41,Volatility 3 windows.pslist from M57-Jean memory image
83,M57-Jean,EVT-M57-Jean-PARENT-32,2009-11-23 22:16:34+00:00,,observed,memory,pstree,process_relationship,parent_of,,,soffice.exe,,3908,2080.0,,,,,,,,,,,,,parent_of,M57-Jean-MEM-PSTREE-32,Volatility 3 windows.pstree from M57-Jean memory image
84,M57-Jean,EVT-M57-Jean-PROCESS-42,2009-11-23 22:16:34+00:00,,observed,memory,pslist,process,process_start,,,soffice.exe,,3908,2080.0,,,,,,,,,,,,,,M57-Jean-MEM-PSLIST-42,Volatility 3 windows.pslist from M57-Jean memory image
85,M57-Jean,EVT-M57-Jean-PARENT-33,2009-11-23 22:16:35+00:00,,observed,memory,pstree,process_relationship,parent_of,,,soffice.bin,,3560,3908.0,,,,,,,,,,,,,parent_of,M57-Jean-MEM-PSTREE-33,Volatility 3 windows.pstree from M57-Jean memory image
86,M57-Jean,EVT-M57-Jean-PROCESS-43,2009-11-23 22:16:35+00:00,,observed,memory,pslist,process,process_start,,,soffice.bin,,3560,3908.0,,,,,,,,,,,,,,M57-Jean-MEM-PSLIST-43,Volatility 3 windows.pslist from M57-Jean memory image
87,M57-Jean,EVT-M57-Jean-PARENT-7,2009-11-23 22:54:41+00:00,,observed,memory,pstree,process_relationship,parent_of,,,avgcmgr.exe,,2308,1664.0,,,,,,,,,,,,,parent_of,M57-Jean-MEM-PSTREE-7,Volatility 3 windows.pstree from M57-Jean memory image
88,M57-Jean,EVT-M57-Jean-PROCESS-44,2009-11-23 22:54:41+00:00,,observed,memory,pslist,process,process_start,,,avgcmgr.exe,,2308,1664.0,,,,,,,,,,,,,,M57-Jean-MEM-PSLIST-44,Volatility 3 windows.pslist from M57-Jean memory image
89,M57-Jean,EVT-M57-Jean-PARENT-9,2009-11-23 23:52:45+00:00,,observed,memory,pstree,process_relationship,parent_of,,,avgcmgr.exe,,2004,1664.0,,,,,,,,,,,,,parent_of,M57-Jean-MEM-PSTREE-9,Volatility 3 windows.pstree from M57-Jean memory image
90,M57-Jean,EVT-M57-Jean-PROCESS-45,2009-11-23 23:52:45+00:00,,observed,memory,pslist,process,process_start,,,avgcmgr.exe,,2004,1664.0,,,,,,,,,,,,,,M57-Jean-MEM-PSLIST-45,Volatility 3 windows.pslist from M57-Jean memory image
91,M57-Jean,EVT-M57-Jean-PARENT-38,2009-11-23 23:59:25+00:00,,observed,memory,pstree,process_relationship,parent_of,,,cmd.exe,,620,1944.0,,,,,,,,,,,,,parent_of,M57-Jean-MEM-PSTREE-38,Volatility 3 windows.pstree from M57-Jean memory image
92,M57-Jean,EVT-M57-Jean-PROCESS-46,2009-11-23 23:59:25+00:00,,observed,memory,pslist,process,process_start,,,cmd.exe,,620,1944.0,,,,,,,,,,,,,,M57-Jean-MEM-PSLIST-46,Volatility 3 windows.pslist from M57-Jean memory image
93,M57-Jean,EVT-M57-Jean-PARENT-39,2009-11-24 00:01:24+00:00,,observed,memory,pstree,process_relationship,parent_of,,,mdd_1.3.exe,,2992,620.0,,,,,,,,,,,,,parent_of,M57-Jean-MEM-PSTREE-39,Volatility 3 windows.pstree from M57-Jean memory image
94,M57-Jean,EVT-M57-Jean-PROCESS-47,2009-11-24 00:01:24+00:00,,observed,memory,pslist,process,process_start,,,mdd_1.3.exe,,2992,620.0,,,,,,,,,,,,,,M57-Jean-MEM-PSLIST-47,Volatility 3 windows.pslist from M57-Jean memory image
